/*
Navicat MySQL Data Transfer

Source Server         : 119.3.19.171
Source Server Version : 50560
Source Host           : 119.3.19.171:3306
Source Database       : crm

Target Server Type    : MYSQL
Target Server Version : 50560
File Encoding         : 65001

Date: 2019-11-19 01:21:18
*/

SET FOREIGN_KEY_CHECKS=0;

-- ----------------------------
-- Table structure for CRM_BANK_INFO
-- ----------------------------
DROP TABLE IF EXISTS `CRM_BANK_INFO`;
CREATE TABLE `CRM_BANK_INFO` (
  `BANK_ID` varchar(45) NOT NULL,
  `BANK_NAME` varchar(45) DEFAULT NULL,
  PRIMARY KEY (`BANK_ID`)
) ENGINE=InnoDB DEFAULT CHARSET=utf8 COMMENT='银行信息表';

-- ----------------------------
-- Records of CRM_BANK_INFO
-- ----------------------------
INSERT INTO `CRM_BANK_INFO` VALUES ('33E275BB59FD4377A3B91E7F2A3AD809', '工商银行');
INSERT INTO `CRM_BANK_INFO` VALUES ('4013794EEC7D4367A7846B54078D3211', '中信银行');
INSERT INTO `CRM_BANK_INFO` VALUES ('554BD11CEA5E47DB9580E0F07BEFFE72', '中国银行');
INSERT INTO `CRM_BANK_INFO` VALUES ('61D10B75DEFD40C4B44E312017A37285', '招商银行');
INSERT INTO `CRM_BANK_INFO` VALUES ('74225B1951D54B3E858B5A70DE11C4F6', '建设银行');
INSERT INTO `CRM_BANK_INFO` VALUES ('9ABBBC9F4E434F27BA3DC240CC786AAE', '交通银行');
INSERT INTO `CRM_BANK_INFO` VALUES ('ABDBE742C7D14C378A8794141FAF5775', '光大银行');
INSERT INTO `CRM_BANK_INFO` VALUES ('DD09938B16554B53925EF5CE0FB760D7', '农业银行');
INSERT INTO `CRM_BANK_INFO` VALUES ('E37910CB3CAC4E0DBCA70184817DEF54', '民生银行');

-- ----------------------------
-- Table structure for CRM_BUSINESS_DICT
-- ----------------------------
DROP TABLE IF EXISTS `CRM_BUSINESS_DICT`;
CREATE TABLE `CRM_BUSINESS_DICT` (
  `BUSINESS_ID` varchar(45) NOT NULL,
  `BUSINESS_NAME` varchar(100) DEFAULT NULL,
  PRIMARY KEY (`BUSINESS_ID`)
) ENGINE=InnoDB DEFAULT CHARSET=utf8;

-- ----------------------------
-- Records of CRM_BUSINESS_DICT
-- ----------------------------
INSERT INTO `CRM_BUSINESS_DICT` VALUES ('BIZ_1', '公积金代缴');
INSERT INTO `CRM_BUSINESS_DICT` VALUES ('BIZ_10', '许可证办理');
INSERT INTO `CRM_BUSINESS_DICT` VALUES ('BIZ_11', '异常业务');
INSERT INTO `CRM_BUSINESS_DICT` VALUES ('BIZ_2', '代缴社保');
INSERT INTO `CRM_BUSINESS_DICT` VALUES ('BIZ_3', '代理记账');
INSERT INTO `CRM_BUSINESS_DICT` VALUES ('BIZ_4', '公司注册');
INSERT INTO `CRM_BUSINESS_DICT` VALUES ('BIZ_5', '公积金代开');
INSERT INTO `CRM_BUSINESS_DICT` VALUES ('BIZ_6', '工商变更');
INSERT INTO `CRM_BUSINESS_DICT` VALUES ('BIZ_7', '公司注销');
INSERT INTO `CRM_BUSINESS_DICT` VALUES ('BIZ_8', '社保代开');
INSERT INTO `CRM_BUSINESS_DICT` VALUES ('BIZ_9', '商标注册');

-- ----------------------------
-- Table structure for CRM_COMPANY_BANK_REL
-- ----------------------------
DROP TABLE IF EXISTS `CRM_COMPANY_BANK_REL`;
CREATE TABLE `CRM_COMPANY_BANK_REL` (
  `COMPANY_ID` varchar(45) NOT NULL,
  `BANK_ID` varchar(45) NOT NULL,
  PRIMARY KEY (`COMPANY_ID`,`BANK_ID`)
) ENGINE=InnoDB DEFAULT CHARSET=utf8;

-- ----------------------------
-- Records of CRM_COMPANY_BANK_REL
-- ----------------------------
INSERT INTO `CRM_COMPANY_BANK_REL` VALUES ('1dc1991f5714470bb36d24a533eefb3d', '33E275BB59FD4377A3B91E7F2A3AD809');
INSERT INTO `CRM_COMPANY_BANK_REL` VALUES ('1dc1991f5714470bb36d24a533eefb3d', '61D10B75DEFD40C4B44E312017A37285');
INSERT INTO `CRM_COMPANY_BANK_REL` VALUES ('51df31a548504184a481eb47ea90572d', '74225B1951D54B3E858B5A70DE11C4F6');
INSERT INTO `CRM_COMPANY_BANK_REL` VALUES ('925b956b9029446fafb48ac130ba0202', '61D10B75DEFD40C4B44E312017A37285');
INSERT INTO `CRM_COMPANY_BANK_REL` VALUES ('925b956b9029446fafb48ac130ba0202', '74225B1951D54B3E858B5A70DE11C4F6');
INSERT INTO `CRM_COMPANY_BANK_REL` VALUES ('925b956b9029446fafb48ac130ba0202', 'ABDBE742C7D14C378A8794141FAF5775');
INSERT INTO `CRM_COMPANY_BANK_REL` VALUES ('9E93AA78DF7242B18C980650763973C0', '33E275BB59FD4377A3B91E7F2A3AD809');
INSERT INTO `CRM_COMPANY_BANK_REL` VALUES ('9E93AA78DF7242B18C980650763973C0', '4013794EEC7D4367A7846B54078D3211');
INSERT INTO `CRM_COMPANY_BANK_REL` VALUES ('9E93AA78DF7242B18C980650763973C0', '554BD11CEA5E47DB9580E0F07BEFFE72');
INSERT INTO `CRM_COMPANY_BANK_REL` VALUES ('9E93AA78DF7242B18C980650763973C0', 'ABDBE742C7D14C378A8794141FAF5775');
INSERT INTO `CRM_COMPANY_BANK_REL` VALUES ('A5B24848E32D47FD9472DE4323D61DA2', '33E275BB59FD4377A3B91E7F2A3AD809');
INSERT INTO `CRM_COMPANY_BANK_REL` VALUES ('A5B24848E32D47FD9472DE4323D61DA2', '4013794EEC7D4367A7846B54078D3211');
INSERT INTO `CRM_COMPANY_BANK_REL` VALUES ('A5B24848E32D47FD9472DE4323D61DA2', '554BD11CEA5E47DB9580E0F07BEFFE72');
INSERT INTO `CRM_COMPANY_BANK_REL` VALUES ('A5B24848E32D47FD9472DE4323D61DA2', '61D10B75DEFD40C4B44E312017A37285');
INSERT INTO `CRM_COMPANY_BANK_REL` VALUES ('A5B24848E32D47FD9472DE4323D61DA2', '74225B1951D54B3E858B5A70DE11C4F6');
INSERT INTO `CRM_COMPANY_BANK_REL` VALUES ('A5B24848E32D47FD9472DE4323D61DA2', '9ABBBC9F4E434F27BA3DC240CC786AAE');
INSERT INTO `CRM_COMPANY_BANK_REL` VALUES ('A5B24848E32D47FD9472DE4323D61DA2', 'ABDBE742C7D14C378A8794141FAF5775');
INSERT INTO `CRM_COMPANY_BANK_REL` VALUES ('A5B24848E32D47FD9472DE4323D61DA2', 'DD09938B16554B53925EF5CE0FB760D7');
INSERT INTO `CRM_COMPANY_BANK_REL` VALUES ('A5B24848E32D47FD9472DE4323D61DA2', 'E37910CB3CAC4E0DBCA70184817DEF54');
INSERT INTO `CRM_COMPANY_BANK_REL` VALUES ('c1c09bb1354f49f188cde50591e3c73b', '33E275BB59FD4377A3B91E7F2A3AD809');
INSERT INTO `CRM_COMPANY_BANK_REL` VALUES ('c1c09bb1354f49f188cde50591e3c73b', '4013794EEC7D4367A7846B54078D3211');
INSERT INTO `CRM_COMPANY_BANK_REL` VALUES ('c1c09bb1354f49f188cde50591e3c73b', 'ABDBE742C7D14C378A8794141FAF5775');
INSERT INTO `CRM_COMPANY_BANK_REL` VALUES ('e3cb6c025f094421b8655ab91f164134', '33E275BB59FD4377A3B91E7F2A3AD809');
INSERT INTO `CRM_COMPANY_BANK_REL` VALUES ('EDCB87477E24482DA98D0ACCE3BDB341', '4013794EEC7D4367A7846B54078D3211');
INSERT INTO `CRM_COMPANY_BANK_REL` VALUES ('EDCB87477E24482DA98D0ACCE3BDB341', '61D10B75DEFD40C4B44E312017A37285');
INSERT INTO `CRM_COMPANY_BANK_REL` VALUES ('EDCB87477E24482DA98D0ACCE3BDB341', '74225B1951D54B3E858B5A70DE11C4F6');
INSERT INTO `CRM_COMPANY_BANK_REL` VALUES ('f5e82104551d4640b681e54c2a43f8f5', '33E275BB59FD4377A3B91E7F2A3AD809');
INSERT INTO `CRM_COMPANY_BANK_REL` VALUES ('f5e82104551d4640b681e54c2a43f8f5', '4013794EEC7D4367A7846B54078D3211');
INSERT INTO `CRM_COMPANY_BANK_REL` VALUES ('fc025bd0acf24505814b52fd92bfe7f8', '61D10B75DEFD40C4B44E312017A37285');

-- ----------------------------
-- Table structure for CRM_COMPANY_BUSINESS
-- ----------------------------
DROP TABLE IF EXISTS `CRM_COMPANY_BUSINESS`;
CREATE TABLE `CRM_COMPANY_BUSINESS` (
  `COMPANY_ID` varchar(45) NOT NULL,
  `BUSINESS_ID` varchar(45) NOT NULL,
  `BEGIN_DATE` date DEFAULT NULL COMMENT '开始时间',
  `END_DATE` date DEFAULT NULL COMMENT '到期时间',
  `UPDATE_DATE` date DEFAULT NULL,
  `IS_VALID` varchar(1) DEFAULT NULL,
  KEY `IDX_COMPANY_BUSSINESS` (`COMPANY_ID`,`BUSINESS_ID`) USING BTREE
) ENGINE=InnoDB DEFAULT CHARSET=utf8;

-- ----------------------------
-- Records of CRM_COMPANY_BUSINESS
-- ----------------------------
INSERT INTO `CRM_COMPANY_BUSINESS` VALUES ('149a05f70f734aab9e90ea91bbcb9081', 'BIZ_3', '2019-10-01', '2020-04-01', '2019-10-24', '1');
INSERT INTO `CRM_COMPANY_BUSINESS` VALUES ('1dc1991f5714470bb36d24a533eefb3d', 'BIZ_4', null, null, '2019-09-25', '1');
INSERT INTO `CRM_COMPANY_BUSINESS` VALUES ('202ae43f3eef40e0937c67189d58c339', 'BIZ_1', '2019-11-01', '2020-05-01', '2019-10-25', '1');
INSERT INTO `CRM_COMPANY_BUSINESS` VALUES ('202ae43f3eef40e0937c67189d58c339', 'BIZ_2', '2019-10-01', '2020-04-01', '2019-10-25', '1');
INSERT INTO `CRM_COMPANY_BUSINESS` VALUES ('202ae43f3eef40e0937c67189d58c339', 'BIZ_5', null, null, '2019-10-24', '1');
INSERT INTO `CRM_COMPANY_BUSINESS` VALUES ('202ae43f3eef40e0937c67189d58c339', 'BIZ_8', null, null, '2019-10-24', '1');
INSERT INTO `CRM_COMPANY_BUSINESS` VALUES ('51df31a548504184a481eb47ea90572d', 'BIZ_4', null, null, '2019-10-15', '1');
INSERT INTO `CRM_COMPANY_BUSINESS` VALUES ('54e20fe1344c4efea91bd33c4b470801', 'BIZ_10', null, null, '2019-11-02', '1');
INSERT INTO `CRM_COMPANY_BUSINESS` VALUES ('54e20fe1344c4efea91bd33c4b470801', 'BIZ_11', null, null, '2019-11-02', '1');
INSERT INTO `CRM_COMPANY_BUSINESS` VALUES ('54e20fe1344c4efea91bd33c4b470801', 'BIZ_6', null, null, '2019-11-02', '1');
INSERT INTO `CRM_COMPANY_BUSINESS` VALUES ('54e20fe1344c4efea91bd33c4b470801', 'BIZ_7', null, null, '2019-11-02', '1');
INSERT INTO `CRM_COMPANY_BUSINESS` VALUES ('6732f5648d6c476f9d8a8d1e3a02ef4c', 'BIZ_5', null, null, '2019-10-24', '1');
INSERT INTO `CRM_COMPANY_BUSINESS` VALUES ('772b755933b742868bdd52f7b954a803', 'BIZ_1', null, null, '2019-11-02', '1');
INSERT INTO `CRM_COMPANY_BUSINESS` VALUES ('772b755933b742868bdd52f7b954a803', 'BIZ_10', null, null, '2019-10-30', '1');
INSERT INTO `CRM_COMPANY_BUSINESS` VALUES ('772b755933b742868bdd52f7b954a803', 'BIZ_11', null, null, '2019-10-30', '1');
INSERT INTO `CRM_COMPANY_BUSINESS` VALUES ('772b755933b742868bdd52f7b954a803', 'BIZ_2', null, null, '2019-11-02', '1');
INSERT INTO `CRM_COMPANY_BUSINESS` VALUES ('772b755933b742868bdd52f7b954a803', 'BIZ_3', '2019-10-30', '2020-10-30', '2019-10-30', '1');
INSERT INTO `CRM_COMPANY_BUSINESS` VALUES ('772b755933b742868bdd52f7b954a803', 'BIZ_4', null, null, '2019-10-30', '1');
INSERT INTO `CRM_COMPANY_BUSINESS` VALUES ('772b755933b742868bdd52f7b954a803', 'BIZ_6', null, null, '2019-10-30', '1');
INSERT INTO `CRM_COMPANY_BUSINESS` VALUES ('772b755933b742868bdd52f7b954a803', 'BIZ_7', null, null, '2019-10-30', '1');
INSERT INTO `CRM_COMPANY_BUSINESS` VALUES ('772b755933b742868bdd52f7b954a803', 'BIZ_8', null, null, '2019-10-30', '1');
INSERT INTO `CRM_COMPANY_BUSINESS` VALUES ('772b755933b742868bdd52f7b954a803', 'BIZ_9', null, null, '2019-10-30', '1');
INSERT INTO `CRM_COMPANY_BUSINESS` VALUES ('88c455bf8219485fafb12ba67882deff', 'BIZ_10', null, null, '2019-10-30', '1');
INSERT INTO `CRM_COMPANY_BUSINESS` VALUES ('88c455bf8219485fafb12ba67882deff', 'BIZ_3', '2019-11-01', '2020-11-01', '2019-10-29', '1');
INSERT INTO `CRM_COMPANY_BUSINESS` VALUES ('8a6134abc31c49a883c6bd170ac446e3', 'BIZ_9', null, null, '2019-10-23', '1');
INSERT INTO `CRM_COMPANY_BUSINESS` VALUES ('925b956b9029446fafb48ac130ba0202', 'BIZ_1', '2019-10-12', '2020-02-12', '2019-10-12', '1');
INSERT INTO `CRM_COMPANY_BUSINESS` VALUES ('925b956b9029446fafb48ac130ba0202', 'BIZ_10', null, null, '2019-10-12', '1');
INSERT INTO `CRM_COMPANY_BUSINESS` VALUES ('925b956b9029446fafb48ac130ba0202', 'BIZ_2', '2019-10-12', '2020-03-12', '2019-10-12', '1');
INSERT INTO `CRM_COMPANY_BUSINESS` VALUES ('925b956b9029446fafb48ac130ba0202', 'BIZ_3', '2019-10-12', '2019-12-12', '2019-10-12', '1');
INSERT INTO `CRM_COMPANY_BUSINESS` VALUES ('925b956b9029446fafb48ac130ba0202', 'BIZ_4', null, null, '2019-10-12', '1');
INSERT INTO `CRM_COMPANY_BUSINESS` VALUES ('92e4679fe1b241a3ad816f21306ea771', 'BIZ_5', null, null, '2019-10-28', '1');
INSERT INTO `CRM_COMPANY_BUSINESS` VALUES ('92e4679fe1b241a3ad816f21306ea771', 'BIZ_8', null, null, '2019-10-28', '1');
INSERT INTO `CRM_COMPANY_BUSINESS` VALUES ('A5B24848E32D47FD9472DE4323D61DA2', 'BIZ_1', '2019-10-13', '2020-10-13', '2019-10-13', '1');
INSERT INTO `CRM_COMPANY_BUSINESS` VALUES ('A5B24848E32D47FD9472DE4323D61DA2', 'BIZ_4', null, null, '2019-10-13', '1');
INSERT INTO `CRM_COMPANY_BUSINESS` VALUES ('A5B24848E32D47FD9472DE4323D61DA2', 'BIZ_5', null, null, '2019-10-13', '1');
INSERT INTO `CRM_COMPANY_BUSINESS` VALUES ('ab8a5480b1e14cdc8fa20edfbf635bf9', 'BIZ_7', null, null, '2019-10-17', '1');
INSERT INTO `CRM_COMPANY_BUSINESS` VALUES ('ad576a544fad489b80c7133a58232507', 'BIZ_7', null, null, '2019-10-28', '1');
INSERT INTO `CRM_COMPANY_BUSINESS` VALUES ('c1c09bb1354f49f188cde50591e3c73b', 'BIZ_10', null, null, '2019-10-13', '1');
INSERT INTO `CRM_COMPANY_BUSINESS` VALUES ('c1c09bb1354f49f188cde50591e3c73b', 'BIZ_4', null, null, '2019-10-13', '1');
INSERT INTO `CRM_COMPANY_BUSINESS` VALUES ('dddb607d8c964a3191e239d48b9c2fd1', 'BIZ_11', null, null, '2019-10-30', '1');
INSERT INTO `CRM_COMPANY_BUSINESS` VALUES ('dddb607d8c964a3191e239d48b9c2fd1', 'BIZ_2', '2019-10-30', '2020-10-30', '2019-10-30', '1');
INSERT INTO `CRM_COMPANY_BUSINESS` VALUES ('dddb607d8c964a3191e239d48b9c2fd1', 'BIZ_4', null, null, '2019-10-29', '1');
INSERT INTO `CRM_COMPANY_BUSINESS` VALUES ('dddb607d8c964a3191e239d48b9c2fd1', 'BIZ_6', null, null, '2019-10-29', '1');
INSERT INTO `CRM_COMPANY_BUSINESS` VALUES ('e4f8522bc0e14b0a9fc8be34d23454da', 'BIZ_5', null, null, '2019-10-25', '1');
INSERT INTO `CRM_COMPANY_BUSINESS` VALUES ('e4f8522bc0e14b0a9fc8be34d23454da', 'BIZ_8', null, null, '2019-10-25', '1');
INSERT INTO `CRM_COMPANY_BUSINESS` VALUES ('f6c5b44e1d3546439a54528a1e9973c1', 'BIZ_6', null, null, '2019-10-17', '1');
INSERT INTO `CRM_COMPANY_BUSINESS` VALUES ('fc025bd0acf24505814b52fd92bfe7f8', 'BIZ_1', '2019-10-12', '2020-10-12', '2019-10-12', '1');
INSERT INTO `CRM_COMPANY_BUSINESS` VALUES ('fc025bd0acf24505814b52fd92bfe7f8', 'BIZ_4', null, null, '2019-10-12', '1');
INSERT INTO `CRM_COMPANY_BUSINESS` VALUES ('fc025bd0acf24505814b52fd92bfe7f8', 'BIZ_5', null, null, '2019-10-11', '1');
INSERT INTO `CRM_COMPANY_BUSINESS` VALUES ('fc025bd0acf24505814b52fd92bfe7f8', 'BIZ_7', null, null, '2019-10-11', '1');
INSERT INTO `CRM_COMPANY_BUSINESS` VALUES ('54e20fe1344c4efea91bd33c4b470801', 'BIZ_6', null, null, '2019-11-02', '1');
INSERT INTO `CRM_COMPANY_BUSINESS` VALUES ('54e20fe1344c4efea91bd33c4b470801', 'BIZ_6', null, null, '2019-11-02', '1');
INSERT INTO `CRM_COMPANY_BUSINESS` VALUES ('54e20fe1344c4efea91bd33c4b470801', 'BIZ_4', null, null, '2019-11-06', '1');
INSERT INTO `CRM_COMPANY_BUSINESS` VALUES ('54e20fe1344c4efea91bd33c4b470801', 'BIZ_10', null, null, '2019-11-06', '1');
INSERT INTO `CRM_COMPANY_BUSINESS` VALUES ('54e20fe1344c4efea91bd33c4b470801', 'BIZ_6', null, null, '2019-11-06', '1');
INSERT INTO `CRM_COMPANY_BUSINESS` VALUES ('54e20fe1344c4efea91bd33c4b470801', 'BIZ_8', null, null, '2019-11-06', '1');
INSERT INTO `CRM_COMPANY_BUSINESS` VALUES ('54e20fe1344c4efea91bd33c4b470801', 'BIZ_1', null, null, '2019-11-06', '1');
INSERT INTO `CRM_COMPANY_BUSINESS` VALUES ('54e20fe1344c4efea91bd33c4b470801', 'BIZ_4', null, null, '2019-11-17', '1');

-- ----------------------------
-- Table structure for CRM_COMPANY_INFO
-- ----------------------------
DROP TABLE IF EXISTS `CRM_COMPANY_INFO`;
CREATE TABLE `CRM_COMPANY_INFO` (
  `COMPANY_ID` varchar(45) NOT NULL,
  `COMPANY_NAME` varchar(255) NOT NULL,
  `TAX_TYPE` varchar(45) NOT NULL COMMENT '纳税类型',
  `PROVINCE` varchar(45) NOT NULL,
  `CITY` varchar(45) NOT NULL COMMENT '所在市',
  `DISTRICT` varchar(45) DEFAULT NULL COMMENT '所在区',
  `FINANCE_DISK_TYPE` varchar(45) DEFAULT NULL COMMENT '金税盘种类',
  `TAX_RATE` decimal(20,5) DEFAULT NULL COMMENT '税率',
  `UPDATE_DATE` datetime DEFAULT NULL,
  PRIMARY KEY (`COMPANY_ID`)
) ENGINE=InnoDB DEFAULT CHARSET=utf8;

-- ----------------------------
-- Records of CRM_COMPANY_INFO
-- ----------------------------
INSERT INTO `CRM_COMPANY_INFO` VALUES ('000d3d9fec0a42c4b33a03127cb73a5b', '上海芙洛妮商贸有限公司', '0', '上海市', '上海市', '浦东新区', '', null, '2019-10-21 10:35:51');
INSERT INTO `CRM_COMPANY_INFO` VALUES ('11fab432862c426680e9f04547d19680', '上海蜗蜗文化传媒有限公司', '1', '上海市', '上海市辖县', '崇明县', '', null, '2019-10-21 11:15:43');
INSERT INTO `CRM_COMPANY_INFO` VALUES ('149a05f70f734aab9e90ea91bbcb9081', '上海卓烁餐饮管理有限公司', '0', '上海市', '上海市', '奉贤区', '', null, '2019-10-24 13:43:43');
INSERT INTO `CRM_COMPANY_INFO` VALUES ('1dc1991f5714470bb36d24a533eefb3d', '战术大师李楠', '0', '上海市', '上海市辖县', '崇明县', '0', '1.00000', '2019-09-25 11:17:20');
INSERT INTO `CRM_COMPANY_INFO` VALUES ('202ae43f3eef40e0937c67189d58c339', '上海嘉锘文化传媒有限公司', '1', '上海市', '上海市辖县', '崇明县', '', null, '2019-10-24 11:35:41');
INSERT INTO `CRM_COMPANY_INFO` VALUES ('51df31a548504184a481eb47ea90572d', '上海拓佑财务咨询有限公司', '0', '上海市', '上海市', '徐汇区', '0', '3.00000', '2019-10-15 16:49:04');
INSERT INTO `CRM_COMPANY_INFO` VALUES ('54e20fe1344c4efea91bd33c4b470801', '猪八戒', '0', '上海市', '上海市', '黄浦区', '', null, '2019-11-02 15:36:18');
INSERT INTO `CRM_COMPANY_INFO` VALUES ('6732f5648d6c476f9d8a8d1e3a02ef4c', '蒂浦体育文化（上海）有限责任公司', '0', '上海市', '上海市', '浦东新区', '', null, '2019-10-24 11:48:23');
INSERT INTO `CRM_COMPANY_INFO` VALUES ('772b755933b742868bdd52f7b954a803', '孙悟空', '1', '上海市', '上海市', '黄浦区', '', null, '2019-10-30 13:25:46');
INSERT INTO `CRM_COMPANY_INFO` VALUES ('88c455bf8219485fafb12ba67882deff', '上海风莱科技有限公司', '0', '上海市', '上海市辖县', '崇明县', '', null, '2019-10-28 14:01:10');
INSERT INTO `CRM_COMPANY_INFO` VALUES ('8a6134abc31c49a883c6bd170ac446e3', '上海契克文化传媒有限公司', '0', '上海市', '上海市', '松江区', '', null, '2019-10-21 10:54:24');
INSERT INTO `CRM_COMPANY_INFO` VALUES ('925b956b9029446fafb48ac130ba0202', '抵制NBA', '0', '北京市', '北京市', '东城区', '0', null, '2019-10-12 12:09:59');
INSERT INTO `CRM_COMPANY_INFO` VALUES ('92e4679fe1b241a3ad816f21306ea771', '上海契克文化传媒有限公司', '0', '上海市', '上海市', '松江区', '', null, '2019-10-28 13:16:58');
INSERT INTO `CRM_COMPANY_INFO` VALUES ('9E93AA78DF7242B18C980650763973C0', '盒马生鲜', '1', '上海市', '上海市', '嘉定区', '1', '12.90000', '2019-08-25 22:03:36');
INSERT INTO `CRM_COMPANY_INFO` VALUES ('a0da57558d8e426aaea792cbfa9d4d07', '上海芙洛妮商贸有限公司', '0', '上海市', '上海市', '浦东新区', '', null, '2019-10-21 10:22:34');
INSERT INTO `CRM_COMPANY_INFO` VALUES ('A5B24848E32D47FD9472DE4323D61DA2', '阿里妈妈', '0', '海南省', '省直辖县级行政单位', '儋州市', '0', '1111.33400', '2019-08-26 00:13:48');
INSERT INTO `CRM_COMPANY_INFO` VALUES ('ab8a5480b1e14cdc8fa20edfbf635bf9', '上海拓佑财务咨询有限公司', '0', '上海市', '上海市', '杨浦区', '', null, '2019-10-17 15:23:01');
INSERT INTO `CRM_COMPANY_INFO` VALUES ('ad576a544fad489b80c7133a58232507', '上海旗韵广告制作有限公司', '1', '上海市', '上海市', '金山区', '', null, '2019-10-28 10:11:01');
INSERT INTO `CRM_COMPANY_INFO` VALUES ('bb8d8ad9635a4f81a4504fe0b97559ad', '拓佑', '1', '上海市', '上海市', '杨浦区', '', null, '2019-10-17 13:34:10');
INSERT INTO `CRM_COMPANY_INFO` VALUES ('c1c09bb1354f49f188cde50591e3c73b', '无锡高架管理所', '0', '河北省', '秦皇岛市', '青龙满族自治县', '0', null, '2019-10-13 17:52:53');
INSERT INTO `CRM_COMPANY_INFO` VALUES ('dddb607d8c964a3191e239d48b9c2fd1', '佛挡杀佛', '0', '上海市', '上海市', '徐汇区', '', null, '2019-10-29 11:07:23');
INSERT INTO `CRM_COMPANY_INFO` VALUES ('e3cb6c025f094421b8655ab91f164134', '测试公司', '0', '上海市', '上海市', '黄浦区', '1', null, '2019-10-29 10:39:53');
INSERT INTO `CRM_COMPANY_INFO` VALUES ('e4f8522bc0e14b0a9fc8be34d23454da', '上海鹿禾科技有限公司', '1', '上海市', '上海市', '松江区', '', null, '2019-10-25 10:20:08');
INSERT INTO `CRM_COMPANY_INFO` VALUES ('EDCB87477E24482DA98D0ACCE3BDB341', '天猫商城', '0', '浙江省', '杭州市', '拱墅区', '1', '2.00000', '2019-08-25 22:07:13');
INSERT INTO `CRM_COMPANY_INFO` VALUES ('f5e82104551d4640b681e54c2a43f8f5', '测试公司', '0', '上海市', '上海市', '黄浦区', '0', '1.00000', '2019-10-23 00:08:05');
INSERT INTO `CRM_COMPANY_INFO` VALUES ('f6c5b44e1d3546439a54528a1e9973c1', '上海元升财务咨询有限公司', '0', '上海市', '上海市', '杨浦区', '', null, '2019-10-17 16:02:35');
INSERT INTO `CRM_COMPANY_INFO` VALUES ('fc025bd0acf24505814b52fd92bfe7f8', '中国女排', '0', '山西省', '长治市', '襄垣县', '0', null, '2019-10-10 21:31:08');

-- ----------------------------
-- Table structure for CRM_COMPANY_STAFF_INFO
-- ----------------------------
DROP TABLE IF EXISTS `CRM_COMPANY_STAFF_INFO`;
CREATE TABLE `CRM_COMPANY_STAFF_INFO` (
  `STAFF_ID` varchar(45) NOT NULL,
  `NAME` varchar(45) NOT NULL,
  `ID_CARD` varchar(100) DEFAULT NULL,
  `CONTACT_NUMBER` varchar(45) DEFAULT NULL,
  `NEED_SOCIAL_INS` varchar(10) DEFAULT '0',
  `NEED_HABITATION_INS` varchar(10) DEFAULT '0',
  `NEED_SOCIAL_SERVER` varchar(10) DEFAULT '0',
  `NEED_HABITATION_SERVER` varchar(10) DEFAULT '0',
  `UPDATE_DATE` datetime DEFAULT NULL,
  PRIMARY KEY (`STAFF_ID`)
) ENGINE=InnoDB DEFAULT CHARSET=utf8;

-- ----------------------------
-- Records of CRM_COMPANY_STAFF_INFO
-- ----------------------------
INSERT INTO `CRM_COMPANY_STAFF_INFO` VALUES ('38c675e7ca5a466090d04bdf6af1f772', '朱婷', '', '', '1', '1', '1', '1', '2019-10-10 21:38:36');
INSERT INTO `CRM_COMPANY_STAFF_INFO` VALUES ('8c3a600f1503422ebca49c8253ef15ba', '姚明', '', '', '', '', '', '', '2019-10-12 12:10:17');
INSERT INTO `CRM_COMPANY_STAFF_INFO` VALUES ('D16E6BD1E0884CBCA07997BA0E14D80C', '张勇', '23792387598', '32197419847214', '0', '1', '1', '1', '2019-08-26 18:50:40');
INSERT INTO `CRM_COMPANY_STAFF_INFO` VALUES ('dc73a57af23642b1939569501c652344', '受贿官员1', '', '', '0', '0', '0', '0', '2019-10-13 17:53:59');
INSERT INTO `CRM_COMPANY_STAFF_INFO` VALUES ('e0c1be8dc1344b97aab48fe89d0a8492', '张常宁', '', '', '1', '1', '1', '1', '2019-10-10 21:38:56');
INSERT INTO `CRM_COMPANY_STAFF_INFO` VALUES ('e49f84d3ef3946daa135c33ba9ac588a', '郎平', '', '', '0', '0', '0', '0', '2019-10-10 21:39:22');
INSERT INTO `CRM_COMPANY_STAFF_INFO` VALUES ('e7ad647bd0d346c78540894eb3c5b8d0', '卡车超重1', '', '', '1', '1', '1', '1', '2019-10-13 17:53:34');

-- ----------------------------
-- Table structure for CRM_COMPANY_STAFF_REL
-- ----------------------------
DROP TABLE IF EXISTS `CRM_COMPANY_STAFF_REL`;
CREATE TABLE `CRM_COMPANY_STAFF_REL` (
  `COMPANY_ID` varchar(45) NOT NULL,
  `STAFF_ID` varchar(45) NOT NULL,
  PRIMARY KEY (`COMPANY_ID`,`STAFF_ID`)
) ENGINE=InnoDB DEFAULT CHARSET=utf8;

-- ----------------------------
-- Records of CRM_COMPANY_STAFF_REL
-- ----------------------------
INSERT INTO `CRM_COMPANY_STAFF_REL` VALUES ('925b956b9029446fafb48ac130ba0202', '8c3a600f1503422ebca49c8253ef15ba');
INSERT INTO `CRM_COMPANY_STAFF_REL` VALUES ('A5B24848E32D47FD9472DE4323D61DA2', 'D16E6BD1E0884CBCA07997BA0E14D80C');
INSERT INTO `CRM_COMPANY_STAFF_REL` VALUES ('c1c09bb1354f49f188cde50591e3c73b', 'dc73a57af23642b1939569501c652344');
INSERT INTO `CRM_COMPANY_STAFF_REL` VALUES ('c1c09bb1354f49f188cde50591e3c73b', 'e7ad647bd0d346c78540894eb3c5b8d0');
INSERT INTO `CRM_COMPANY_STAFF_REL` VALUES ('fc025bd0acf24505814b52fd92bfe7f8', '38c675e7ca5a466090d04bdf6af1f772');
INSERT INTO `CRM_COMPANY_STAFF_REL` VALUES ('fc025bd0acf24505814b52fd92bfe7f8', 'e0c1be8dc1344b97aab48fe89d0a8492');
INSERT INTO `CRM_COMPANY_STAFF_REL` VALUES ('fc025bd0acf24505814b52fd92bfe7f8', 'e49f84d3ef3946daa135c33ba9ac588a');

-- ----------------------------
-- Table structure for CRM_CUSTOM_BANK_INFO
-- ----------------------------
DROP TABLE IF EXISTS `CRM_CUSTOM_BANK_INFO`;
CREATE TABLE `CRM_CUSTOM_BANK_INFO` (
  `CUSTOM_ID` varchar(45) NOT NULL,
  `BANK_ID` varchar(45) NOT NULL COMMENT '银行代码',
  `UPDATE_DATE` date DEFAULT NULL,
  PRIMARY KEY (`CUSTOM_ID`,`BANK_ID`)
) ENGINE=InnoDB DEFAULT CHARSET=utf8 COMMENT='客户银行信息表';

-- ----------------------------
-- Records of CRM_CUSTOM_BANK_INFO
-- ----------------------------

-- ----------------------------
-- Table structure for CRM_CUSTOM_BANK_INFO_OLD
-- ----------------------------
DROP TABLE IF EXISTS `CRM_CUSTOM_BANK_INFO_OLD`;
CREATE TABLE `CRM_CUSTOM_BANK_INFO_OLD` (
  `CUSTOM_ID` varchar(45) NOT NULL,
  `BANK_ID` varchar(45) NOT NULL COMMENT '银行代码',
  `UPDATE_DATE` date DEFAULT NULL,
  PRIMARY KEY (`CUSTOM_ID`,`BANK_ID`)
) ENGINE=InnoDB DEFAULT CHARSET=utf8 COMMENT='客户银行信息表';

-- ----------------------------
-- Records of CRM_CUSTOM_BANK_INFO_OLD
-- ----------------------------

-- ----------------------------
-- Table structure for CRM_CUSTOM_BASIC_INFO
-- ----------------------------
DROP TABLE IF EXISTS `CRM_CUSTOM_BASIC_INFO`;
CREATE TABLE `CRM_CUSTOM_BASIC_INFO` (
  `CUSTOM_ID` varchar(45) NOT NULL,
  `WEIXIN_ACCNT` varchar(45) DEFAULT NULL COMMENT '微信账号',
  `WEIXIN_NAME` varchar(45) DEFAULT NULL,
  `WANGWANG_ACCNT` varchar(45) DEFAULT NULL COMMENT '旺旺账号',
  `CONTACT_PERSON` varchar(45) NOT NULL COMMENT '联系人',
  `CONTACT_NUMBER` varchar(45) NOT NULL COMMENT '联系电话',
  `CORPORATION` varchar(45) DEFAULT NULL COMMENT '法人',
  `CORPORATION_NUMBER` varchar(45) DEFAULT NULL COMMENT '法人电话',
  `CUSTOM_LEVEL` varchar(45) NOT NULL COMMENT '客户等级',
  `CUSTOM_NAME` varchar(45) NOT NULL COMMENT '客户名称',
  `IS_VALID` varchar(45) DEFAULT NULL,
  `UPDATE_DATE` datetime DEFAULT NULL,
  PRIMARY KEY (`CUSTOM_ID`)
) ENGINE=InnoDB DEFAULT CHARSET=utf8;

-- ----------------------------
-- Records of CRM_CUSTOM_BASIC_INFO
-- ----------------------------
INSERT INTO `CRM_CUSTOM_BASIC_INFO` VALUES ('0209ef0d855e454d85cba38ef5e211c0', '', '', '', '王浩颖', '13818880421', '', '', '普通客户', '王浩颖', '0', '2019-11-02 15:33:11');
INSERT INTO `CRM_CUSTOM_BASIC_INFO` VALUES ('108e2151a4d247caae5cb9ad7bce71b2', '', '', '', '测试1', '13244854651', '', '', '普通客户', '测试1', '0', '2019-10-30 13:20:37');
INSERT INTO `CRM_CUSTOM_BASIC_INFO` VALUES ('1438c17e86fd4bff8ec0670df9457597', '', '', '', '林珑', '13916789154', '', '', '普通客户', '林珑', '1', '2019-10-24 13:41:35');
INSERT INTO `CRM_CUSTOM_BASIC_INFO` VALUES ('20e0bc5288d14fd1acbee851ea60d77e', '', '', '', '婷璐', '18084562226', '', '', '普通客户', '上海契克文化传媒有限公司', '0', '2019-10-28 13:15:57');
INSERT INTO `CRM_CUSTOM_BASIC_INFO` VALUES ('22442324a48f407e99ffef4a9db290b6', '15921961656', '', 'lb0233', '李奔', '15921961656', '', '', 'VVIP', '李奔', '0', '2019-10-28 13:52:38');
INSERT INTO `CRM_CUSTOM_BASIC_INFO` VALUES ('23815184a0054160b07f60261e8328a9', '测试1', '测试1', '测试1', '测试1', '15900449585', '测试1', '测试1', 'VVIP', '测试1', '0', '2019-10-23 00:04:34');
INSERT INTO `CRM_CUSTOM_BASIC_INFO` VALUES ('2de2f55552684c5fa2539bb747d57f66', '18516608340', '', 'cbv2000se1', '陈东', '18516608340', '', '', '普通客户', '陈东', '0', '2019-11-02 15:33:15');
INSERT INTO `CRM_CUSTOM_BASIC_INFO` VALUES ('359fe2a3ec24424f8748185edefe8d1c', '', '', '', '李亲', '18601615517', '', '', '高级客户', '李亲', '1', '2019-10-29 10:41:08');
INSERT INTO `CRM_CUSTOM_BASIC_INFO` VALUES ('373ab03731f541808351b6d490fc395c', '', '', '', '王伟', '13671552123', '', '', '高级客户', ' 王伟', '1', '2019-10-28 13:22:21');
INSERT INTO `CRM_CUSTOM_BASIC_INFO` VALUES ('3a24e4a747f04bfebb3979f2251a6739', '', '', '', '刘飞', '15205110898', '', '', '普通客户', '刘飞', '1', '2019-10-24 13:18:21');
INSERT INTO `CRM_CUSTOM_BASIC_INFO` VALUES ('3ab5eeab9440409b9a8d1ea1cdee498e', '', '', '', '李凌玲', '15900788551', '', '', '普通客户', '李凌玲', '1', '2019-10-24 11:53:45');
INSERT INTO `CRM_CUSTOM_BASIC_INFO` VALUES ('3C3478C65DC0403FA68EB0D24C93969B', '马化腾是我小弟', '我对钱没有兴趣', '我是马云', '马爸爸', '888888', '张勇', '8888888', 'VVIP', '张勇', '0', '2019-10-15 16:19:57');
INSERT INTO `CRM_CUSTOM_BASIC_INFO` VALUES ('3dacfcefc14f403881ea2b829640afb4', '18847831989', '', '77yu88', '小雨', '18847831989', '', '', '普通客户', '小雨', '0', '2019-10-17 14:58:40');
INSERT INTO `CRM_CUSTOM_BASIC_INFO` VALUES ('41c575e168e94a2ea117fb741f918e2f', '波兰人周琦', '波兰人周琦', '123123132', '波兰人周琦', '13454341321', '周琦', '13454341321', '高级客户', '波兰人周琦', '0', '2019-10-15 16:20:00');
INSERT INTO `CRM_CUSTOM_BASIC_INFO` VALUES ('452230c809ad454f9a5cea2be8a3a11e', '', 'meiyouyouu', '', '汪飞', '18054793014', '', '', '普通客户', '汪飞', '1', '2019-10-24 13:28:12');
INSERT INTO `CRM_CUSTOM_BASIC_INFO` VALUES ('4f67f6dd69ea485b8c3fcecc15e05f5c', '13916140043', '', '', '刘宝红', '13916140043', '', '', '普通客户', '刘宝红', '0', '2019-10-28 11:56:43');
INSERT INTO `CRM_CUSTOM_BASIC_INFO` VALUES ('5abd26c7957948beadaeb278a1721222', '', '', '', '测试12', '15900994767', '测试12', '213', '普通客户', '测试12', '0', '2019-10-22 22:48:00');
INSERT INTO `CRM_CUSTOM_BASIC_INFO` VALUES ('5b92ecf6762748ac9f917a0f7d5880a3', '231231231231', '朱元璋', '131231231231', '朱元璋', '1231313412', '朱元璋', '12313123123', '高级客户', '朱元璋', '0', '2019-10-15 16:20:02');
INSERT INTO `CRM_CUSTOM_BASIC_INFO` VALUES ('61aa3894d82643e8bdac4afa83900275', '', '', '', '陈晶晶', '17315139665', '', '', '普通客户', '陈晶晶', '1', '2019-10-28 10:10:31');
INSERT INTO `CRM_CUSTOM_BASIC_INFO` VALUES ('6713dbe4eb4542039f7694ccb2f905fe', '13671552123', '', '', '王伟', '13671552123', '', '', '普通客户', '王伟', '0', '2019-10-28 13:21:47');
INSERT INTO `CRM_CUSTOM_BASIC_INFO` VALUES ('671644b55d0b4bcd88f6bd2261a55b16', '13813893436', '', 'nj易米', '黄海燕', '13813893436', '', '', '普通客户', '黄海燕', '0', '2019-10-21 10:32:11');
INSERT INTO `CRM_CUSTOM_BASIC_INFO` VALUES ('719f90d5ef0341eb8f493c582df5873b', '18516608340', '', 'cbv2000se1', '陈东', '18516608340', '', '', '普通客户', '陈东', '0', '2019-10-17 14:58:42');
INSERT INTO `CRM_CUSTOM_BASIC_INFO` VALUES ('88197fd653d4494aa77f52fa641db7a0', '豆腐渣高架', '', '豆腐渣高架', '豆腐渣高架', '13213123', '', '', 'VIP', '豆腐渣高架', '0', '2019-10-15 16:38:16');
INSERT INTO `CRM_CUSTOM_BASIC_INFO` VALUES ('9ec47a575da140dabccb3cee9fb4862e', '18616801686', '', 'weni_1125', '熊伟', '18616801686', '', '', '普通客户', '熊伟', '0', '2019-10-17 14:58:43');
INSERT INTO `CRM_CUSTOM_BASIC_INFO` VALUES ('a1c4e56c18bd4979b9ee04028dbe8717', '', '', '', '孔天乐', '18516106542', '', '', '普通客户', '孔天乐', '1', '2019-10-24 11:47:56');
INSERT INTO `CRM_CUSTOM_BASIC_INFO` VALUES ('a5a558d6a6f240fcace6f8f2ef59a252', '13818880421', '', '', '王浩颖', '13818880421', '', '', '普通客户', '王浩颖', '0', '2019-10-21 10:46:21');
INSERT INTO `CRM_CUSTOM_BASIC_INFO` VALUES ('b08c01ea64e74c769db1ab377dea3d56', 'luluxiaoye', '', '', '任婷璐', '18084562226', '', '', '普通客户', '任婷璐', '0', '2019-10-28 13:13:29');
INSERT INTO `CRM_CUSTOM_BASIC_INFO` VALUES ('b1eb9aae26f04384875e587d51a25193', '', '', 'ysdzb', '李亲', '15618929725', '', '', '普通客户', '李亲', '0', '2019-10-30 13:37:10');
INSERT INTO `CRM_CUSTOM_BASIC_INFO` VALUES ('bde233a91d984e1aa59490e0ebdfa49f', '', '', '', '刘伟麟', '13816635174', '', '', '普通客户', '刘伟麟', '1', '2019-10-25 10:19:43');
INSERT INTO `CRM_CUSTOM_BASIC_INFO` VALUES ('c271ca5d1bf44c66a6560864df8fa80a', '', '', '', '任婷璐', '18084562226', '', '', '普通客户', '任婷璐', '1', '2019-10-28 13:15:53');
INSERT INTO `CRM_CUSTOM_BASIC_INFO` VALUES ('c810cd807a2d45939ff5f1423b4d3ed5', '13917061017', '', 'lznik', '魏晓峰', '13917061017', '', '', '普通客户', '魏晓峰', '0', '2019-10-17 14:58:45');
INSERT INTO `CRM_CUSTOM_BASIC_INFO` VALUES ('d16c2e4721814e08b87668858d63ead9', '123123', '抵制NBA', '抵制NBA', '抵制NBA', '12313123', '', '', 'VIP', '抵制NBA', '0', '2019-10-15 16:38:18');
INSERT INTO `CRM_CUSTOM_BASIC_INFO` VALUES ('e8852a2d00b34b439d9e63b4928ad792', '', '', '', '测试3', '15156165122', '', '', '普通客户', '测试3', '1', '2019-11-02 15:33:44');
INSERT INTO `CRM_CUSTOM_BASIC_INFO` VALUES ('eff01578a2164e679d69a115223177da', '13917061017', '', 'lznik', '魏晓峰', '13917061017', '', '', '普通客户', '魏晓峰', '0', '2019-11-02 15:33:14');
INSERT INTO `CRM_CUSTOM_BASIC_INFO` VALUES ('f2518e86736240eba85f943a6083ee9b', '', '', '', '方静', '13917302015', '', '', '普通客户', '方静', '1', '2019-10-28 10:21:29');
INSERT INTO `CRM_CUSTOM_BASIC_INFO` VALUES ('f50c94a4b98941e08580ff595f4fc778', '', '', 'tb54657818', '张舒婷', '17721013638', '', '', '普通客户', '张舒婷', '1', '2019-10-24 11:02:27');
INSERT INTO `CRM_CUSTOM_BASIC_INFO` VALUES ('f683a979a2cf453e8c4f8f3837df4ef2', 'cody18022010', 'Cody', '', '寇新江', '13585563858', 'cody_kou', '', '普通客户', '寇倍源', '0', '2019-11-02 15:33:13');
INSERT INTO `CRM_CUSTOM_BASIC_INFO` VALUES ('f9e4724103a54c27851077112fdcc36a', '', '', '', '测试2', '13155555555', '', '', '普通客户', '测试2', '0', '2019-11-02 15:33:10');

-- ----------------------------
-- Table structure for CRM_CUSTOM_BASIC_INFO_OLD
-- ----------------------------
DROP TABLE IF EXISTS `CRM_CUSTOM_BASIC_INFO_OLD`;
CREATE TABLE `CRM_CUSTOM_BASIC_INFO_OLD` (
  `CUSTOM_ID` varchar(20) NOT NULL COMMENT '客户ID',
  `CUSTOM_ACCNT` varchar(45) DEFAULT NULL COMMENT '''客户账户''',
  `CUSTOM_NAME` varchar(45) DEFAULT NULL COMMENT '''客户名称''',
  `PASSWORD` varchar(45) DEFAULT NULL COMMENT '''客户登陆密码''',
  `CONTACT_NAME` varchar(45) DEFAULT NULL COMMENT '''联系人''',
  `CONTACT_TEL` varchar(45) DEFAULT NULL COMMENT '''联系人电话''',
  `IS_VALID` varchar(1) DEFAULT NULL,
  `UPDATE_DATE` datetime DEFAULT NULL,
  PRIMARY KEY (`CUSTOM_ID`)
) ENGINE=InnoDB DEFAULT CHARSET=utf8 COMMENT='客户基本信息表';

-- ----------------------------
-- Records of CRM_CUSTOM_BASIC_INFO_OLD
-- ----------------------------

-- ----------------------------
-- Table structure for CRM_CUSTOM_COMPANY_REL
-- ----------------------------
DROP TABLE IF EXISTS `CRM_CUSTOM_COMPANY_REL`;
CREATE TABLE `CRM_CUSTOM_COMPANY_REL` (
  `CUSTOM_ID` varchar(45) NOT NULL,
  `COMPANY_ID` varchar(45) NOT NULL,
  PRIMARY KEY (`CUSTOM_ID`,`COMPANY_ID`)
) ENGINE=InnoDB DEFAULT CHARSET=utf8;

-- ----------------------------
-- Records of CRM_CUSTOM_COMPANY_REL
-- ----------------------------
INSERT INTO `CRM_CUSTOM_COMPANY_REL` VALUES ('108e2151a4d247caae5cb9ad7bce71b2', 'dddb607d8c964a3191e239d48b9c2fd1');
INSERT INTO `CRM_CUSTOM_COMPANY_REL` VALUES ('1438c17e86fd4bff8ec0670df9457597', '149a05f70f734aab9e90ea91bbcb9081');
INSERT INTO `CRM_CUSTOM_COMPANY_REL` VALUES ('3ab5eeab9440409b9a8d1ea1cdee498e', '202ae43f3eef40e0937c67189d58c339');
INSERT INTO `CRM_CUSTOM_COMPANY_REL` VALUES ('3C3478C65DC0403FA68EB0D24C93969B', 'A5B24848E32D47FD9472DE4323D61DA2');
INSERT INTO `CRM_CUSTOM_COMPANY_REL` VALUES ('3C3478C65DC0403FA68EB0D24C93969B', 'EDCB87477E24482DA98D0ACCE3BDB341');
INSERT INTO `CRM_CUSTOM_COMPANY_REL` VALUES ('3dacfcefc14f403881ea2b829640afb4', '51df31a548504184a481eb47ea90572d');
INSERT INTO `CRM_CUSTOM_COMPANY_REL` VALUES ('41c575e168e94a2ea117fb741f918e2f', '1dc1991f5714470bb36d24a533eefb3d');
INSERT INTO `CRM_CUSTOM_COMPANY_REL` VALUES ('4f67f6dd69ea485b8c3fcecc15e05f5c', '11fab432862c426680e9f04547d19680');
INSERT INTO `CRM_CUSTOM_COMPANY_REL` VALUES ('5b92ecf6762748ac9f917a0f7d5880a3', 'fc025bd0acf24505814b52fd92bfe7f8');
INSERT INTO `CRM_CUSTOM_COMPANY_REL` VALUES ('61aa3894d82643e8bdac4afa83900275', 'ad576a544fad489b80c7133a58232507');
INSERT INTO `CRM_CUSTOM_COMPANY_REL` VALUES ('671644b55d0b4bcd88f6bd2261a55b16', 'f6c5b44e1d3546439a54528a1e9973c1');
INSERT INTO `CRM_CUSTOM_COMPANY_REL` VALUES ('88197fd653d4494aa77f52fa641db7a0', 'c1c09bb1354f49f188cde50591e3c73b');
INSERT INTO `CRM_CUSTOM_COMPANY_REL` VALUES ('a1c4e56c18bd4979b9ee04028dbe8717', '6732f5648d6c476f9d8a8d1e3a02ef4c');
INSERT INTO `CRM_CUSTOM_COMPANY_REL` VALUES ('a5a558d6a6f240fcace6f8f2ef59a252', '000d3d9fec0a42c4b33a03127cb73a5b');
INSERT INTO `CRM_CUSTOM_COMPANY_REL` VALUES ('b08c01ea64e74c769db1ab377dea3d56', '8a6134abc31c49a883c6bd170ac446e3');
INSERT INTO `CRM_CUSTOM_COMPANY_REL` VALUES ('b1eb9aae26f04384875e587d51a25193', '88c455bf8219485fafb12ba67882deff');
INSERT INTO `CRM_CUSTOM_COMPANY_REL` VALUES ('b1eb9aae26f04384875e587d51a25193', 'e3cb6c025f094421b8655ab91f164134');
INSERT INTO `CRM_CUSTOM_COMPANY_REL` VALUES ('bde233a91d984e1aa59490e0ebdfa49f', 'e4f8522bc0e14b0a9fc8be34d23454da');
INSERT INTO `CRM_CUSTOM_COMPANY_REL` VALUES ('c271ca5d1bf44c66a6560864df8fa80a', '92e4679fe1b241a3ad816f21306ea771');
INSERT INTO `CRM_CUSTOM_COMPANY_REL` VALUES ('c810cd807a2d45939ff5f1423b4d3ed5', 'bb8d8ad9635a4f81a4504fe0b97559ad');
INSERT INTO `CRM_CUSTOM_COMPANY_REL` VALUES ('d16c2e4721814e08b87668858d63ead9', '925b956b9029446fafb48ac130ba0202');
INSERT INTO `CRM_CUSTOM_COMPANY_REL` VALUES ('e8852a2d00b34b439d9e63b4928ad792', '54e20fe1344c4efea91bd33c4b470801');
INSERT INTO `CRM_CUSTOM_COMPANY_REL` VALUES ('eff01578a2164e679d69a115223177da', 'ab8a5480b1e14cdc8fa20edfbf635bf9');
INSERT INTO `CRM_CUSTOM_COMPANY_REL` VALUES ('f683a979a2cf453e8c4f8f3837df4ef2', 'a0da57558d8e426aaea792cbfa9d4d07');
INSERT INTO `CRM_CUSTOM_COMPANY_REL` VALUES ('f9e4724103a54c27851077112fdcc36a', '772b755933b742868bdd52f7b954a803');

-- ----------------------------
-- Table structure for CRM_CUSTOM_FINANCE_INFO
-- ----------------------------
DROP TABLE IF EXISTS `CRM_CUSTOM_FINANCE_INFO`;
CREATE TABLE `CRM_CUSTOM_FINANCE_INFO` (
  `CUSTOM_ID` varchar(45) NOT NULL,
  `FINANCE_DISK_TYPE` varchar(45) DEFAULT NULL COMMENT '金税盘类型',
  `UPDATE_DATE` datetime DEFAULT NULL,
  PRIMARY KEY (`CUSTOM_ID`)
) ENGINE=InnoDB DEFAULT CHARSET=utf8 COMMENT='客户财务信息表';

-- ----------------------------
-- Records of CRM_CUSTOM_FINANCE_INFO
-- ----------------------------

-- ----------------------------
-- Table structure for CRM_CUSTOM_FINANCE_INFO_OLD
-- ----------------------------
DROP TABLE IF EXISTS `CRM_CUSTOM_FINANCE_INFO_OLD`;
CREATE TABLE `CRM_CUSTOM_FINANCE_INFO_OLD` (
  `CUSTOM_ID` varchar(45) NOT NULL,
  `FINANCE_DISK_TYPE` varchar(45) DEFAULT NULL COMMENT '金税盘类型',
  `UPDATE_DATE` datetime DEFAULT NULL,
  PRIMARY KEY (`CUSTOM_ID`)
) ENGINE=InnoDB DEFAULT CHARSET=utf8 COMMENT='客户财务信息表';

-- ----------------------------
-- Records of CRM_CUSTOM_FINANCE_INFO_OLD
-- ----------------------------

-- ----------------------------
-- Table structure for CRM_CUSTOM_ORDER_INFO
-- ----------------------------
DROP TABLE IF EXISTS `CRM_CUSTOM_ORDER_INFO`;
CREATE TABLE `CRM_CUSTOM_ORDER_INFO` (
  `CUSTOM_ID` varchar(45) NOT NULL,
  `ORDER_ID` varchar(45) NOT NULL,
  `ORDER_DATE` varchar(45) NOT NULL COMMENT '订单日期',
  `RECEIVABLE_AMT` decimal(10,0) NOT NULL COMMENT '应收金额',
  `PAYABLE_AMT` decimal(10,0) NOT NULL COMMENT '应付金额',
  `ID` bigint(20) NOT NULL AUTO_INCREMENT,
  `ORDER_SOURCE` varchar(255) DEFAULT NULL,
  PRIMARY KEY (`ID`),
  UNIQUE KEY `UK_ORDER_ID` (`ORDER_ID`) USING BTREE
) ENGINE=InnoDB AUTO_INCREMENT=49 DEFAULT CHARSET=utf8;

-- ----------------------------
-- Records of CRM_CUSTOM_ORDER_INFO
-- ----------------------------
INSERT INTO `CRM_CUSTOM_ORDER_INFO` VALUES ('3C3478C65DC0403FA68EB0D24C93969B', '0001', '2019/08/09 16:00:07', '21190', '21190', '1', null);
INSERT INTO `CRM_CUSTOM_ORDER_INFO` VALUES ('3C3478C65DC0403FA68EB0D24C93969B', '0002', '2019/08/28 00:00:00', '156465', '464654', '2', null);
INSERT INTO `CRM_CUSTOM_ORDER_INFO` VALUES ('22442324a48f407e99ffef4a9db290b6', '111', '2019/10/17 16:32:15', '1900', '1800', '3', '烁翼旗舰店');
INSERT INTO `CRM_CUSTOM_ORDER_INFO` VALUES ('6713dbe4eb4542039f7694ccb2f905fe', '123', '2019/10/19 00:00:00', '3800', '3800', '4', '烁翼旗舰店');
INSERT INTO `CRM_CUSTOM_ORDER_INFO` VALUES ('d16c2e4721814e08b87668858d63ead9', '1231231', '2019/10/12 12:10:36', '123', '131', '5', null);
INSERT INTO `CRM_CUSTOM_ORDER_INFO` VALUES ('b08c01ea64e74c769db1ab377dea3d56', '123334', '2019/10/18 00:00:00', '770', '760', '6', '支付宝');
INSERT INTO `CRM_CUSTOM_ORDER_INFO` VALUES ('5b92ecf6762748ac9f917a0f7d5880a3', '12431431', '2019/10/01 00:00:00', '180', '100', '7', null);
INSERT INTO `CRM_CUSTOM_ORDER_INFO` VALUES ('41c575e168e94a2ea117fb741f918e2f', '13213123', '2019/09/25 11:14:15', '1000', '1000', '8', null);
INSERT INTO `CRM_CUSTOM_ORDER_INFO` VALUES ('a5a558d6a6f240fcace6f8f2ef59a252', '20191018200040011100120072265912', '2019/10/18 00:00:00', '300', '300', '9', '支付宝');
INSERT INTO `CRM_CUSTOM_ORDER_INFO` VALUES ('88197fd653d4494aa77f52fa641db7a0', '21313123', '2019/10/13 17:54:18', '180', '190', '10', null);
INSERT INTO `CRM_CUSTOM_ORDER_INFO` VALUES ('b08c01ea64e74c769db1ab377dea3d56', '22', '2019/10/18 00:00:00', '600', '600', '11', '支付宝');
INSERT INTO `CRM_CUSTOM_ORDER_INFO` VALUES ('b08c01ea64e74c769db1ab377dea3d56', '2222', '2019/10/18 00:00:00', '770', '770', '12', '支付宝');
INSERT INTO `CRM_CUSTOM_ORDER_INFO` VALUES ('3dacfcefc14f403881ea2b829640afb4', '354235', '2019/10/15 23:57:17', '1234', '1233', '14', '咔嗒旗舰店');
INSERT INTO `CRM_CUSTOM_ORDER_INFO` VALUES ('3dacfcefc14f403881ea2b829640afb4', '665318627173668583', '2019/10/15 13:03:43', '2400', '2400', '15', null);
INSERT INTO `CRM_CUSTOM_ORDER_INFO` VALUES ('2de2f55552684c5fa2539bb747d57f66', '666990754408756642', '2019/10/16 15:49:06', '2400', '2400', '16', '烁翼旗舰店');
INSERT INTO `CRM_CUSTOM_ORDER_INFO` VALUES ('eff01578a2164e679d69a115223177da', '667046112124285730', '2019/10/16 18:49:00', '1500', '1500', '17', '咔嗒旗舰店');
INSERT INTO `CRM_CUSTOM_ORDER_INFO` VALUES ('9ec47a575da140dabccb3cee9fb4862e', '667170304274853824', '2019/10/16 00:00:00', '3200', '3200', '18', '咔嗒旗舰店');
INSERT INTO `CRM_CUSTOM_ORDER_INFO` VALUES ('eff01578a2164e679d69a115223177da', '667958912205285730', '2019/10/17 13:13:23', '3000', '3000', '19', '咔嗒旗舰店');
INSERT INTO `CRM_CUSTOM_ORDER_INFO` VALUES ('f683a979a2cf453e8c4f8f3837df4ef2', '669671938803109353', '2019/10/18 00:00:00', '600', '600', '20', '烁翼旗舰店');
INSERT INTO `CRM_CUSTOM_ORDER_INFO` VALUES ('671644b55d0b4bcd88f6bd2261a55b16', '对公账号转入', '2019/10/17 15:59:45', '2500', '2500', '21', '烁翼旗舰店');
INSERT INTO `CRM_CUSTOM_ORDER_INFO` VALUES ('f50c94a4b98941e08580ff595f4fc778', '1233', '2019/10/24 00:00:00', '500', '500', '27', '美臻明旗舰店');
INSERT INTO `CRM_CUSTOM_ORDER_INFO` VALUES ('3ab5eeab9440409b9a8d1ea1cdee498e', '12', '2019/10/24 11:35:58', '1200', '1200', '28', '银行对公账户');
INSERT INTO `CRM_CUSTOM_ORDER_INFO` VALUES ('a1c4e56c18bd4979b9ee04028dbe8717', '223', '2019/10/23 00:00:00', '1200', '1200', '29', '支付宝');
INSERT INTO `CRM_CUSTOM_ORDER_INFO` VALUES ('3a24e4a747f04bfebb3979f2251a6739', '1', '2019/10/23 00:00:00', '2000', '2000', '30', '美臻明旗舰店');
INSERT INTO `CRM_CUSTOM_ORDER_INFO` VALUES ('452230c809ad454f9a5cea2be8a3a11e', '8', '2019/10/22 00:00:00', '2400', '2400', '31', '烁翼旗舰店');
INSERT INTO `CRM_CUSTOM_ORDER_INFO` VALUES ('1438c17e86fd4bff8ec0670df9457597', '232', '2019/10/24 13:44:01', '1200', '1200', '32', '咔嗒旗舰店');
INSERT INTO `CRM_CUSTOM_ORDER_INFO` VALUES ('6713dbe4eb4542039f7694ccb2f905fe', '21', '2019/10/19 00:00:00', '6000', '6000', '33', '烁翼旗舰店');
INSERT INTO `CRM_CUSTOM_ORDER_INFO` VALUES ('bde233a91d984e1aa59490e0ebdfa49f', '1255', '2019/10/25 10:20:45', '2400', '2400', '34', '烁翼旗舰店');
INSERT INTO `CRM_CUSTOM_ORDER_INFO` VALUES ('61aa3894d82643e8bdac4afa83900275', '234', '2019/10/28 10:11:24', '2000', '2000', '35', '烁翼旗舰店');
INSERT INTO `CRM_CUSTOM_ORDER_INFO` VALUES ('f2518e86736240eba85f943a6083ee9b', '5465651651', '2019/10/27 00:00:00', '2100', '2100', '36', '咔嗒旗舰店');
INSERT INTO `CRM_CUSTOM_ORDER_INFO` VALUES ('c271ca5d1bf44c66a6560864df8fa80a', '2323', '2019/10/18 00:00:00', '1200', '1200', '37', '支付宝');
INSERT INTO `CRM_CUSTOM_ORDER_INFO` VALUES ('373ab03731f541808351b6d490fc395c', '12323', '2019/10/19 00:00:00', '9800', '9800', '38', '烁翼旗舰店');
INSERT INTO `CRM_CUSTOM_ORDER_INFO` VALUES ('b1eb9aae26f04384875e587d51a25193', '3332', '2019/10/14 00:00:00', '2400', '2400', '39', '咔嗒旗舰店');
INSERT INTO `CRM_CUSTOM_ORDER_INFO` VALUES ('b1eb9aae26f04384875e587d51a25193', '2322333333', '2019/10/29 00:00:00', '2400', '2400', '40', '烁翼旗舰店');
INSERT INTO `CRM_CUSTOM_ORDER_INFO` VALUES ('108e2151a4d247caae5cb9ad7bce71b2', '3265e65', '2019/10/04 00:00:00', '322', '231', '41', '烁翼旗舰店');
INSERT INTO `CRM_CUSTOM_ORDER_INFO` VALUES ('108e2151a4d247caae5cb9ad7bce71b2', '145', '2019/10/29 13:31:32', '600', '600', '42', '支付宝');
INSERT INTO `CRM_CUSTOM_ORDER_INFO` VALUES ('108e2151a4d247caae5cb9ad7bce71b2', '12312', '2019/10/29 13:34:57', '4564', '4564', '43', '');
INSERT INTO `CRM_CUSTOM_ORDER_INFO` VALUES ('108e2151a4d247caae5cb9ad7bce71b2', '789', '2019/10/29 15:40:55', '1200', '1200', '44', '烁翼旗舰店');
INSERT INTO `CRM_CUSTOM_ORDER_INFO` VALUES ('f9e4724103a54c27851077112fdcc36a', '01', '2019/10/30 13:47:59', '2122', '2122', '45', '烁翼旗舰店');
INSERT INTO `CRM_CUSTOM_ORDER_INFO` VALUES ('f9e4724103a54c27851077112fdcc36a', '02', '2019/11/02 14:21:26', '5000', '5000', '46', '支付宝');
INSERT INTO `CRM_CUSTOM_ORDER_INFO` VALUES ('e8852a2d00b34b439d9e63b4928ad792', '2233', '2019/11/02 15:35:00', '8000', '8000', '47', '支付宝');
INSERT INTO `CRM_CUSTOM_ORDER_INFO` VALUES ('e8852a2d00b34b439d9e63b4928ad792', '2', '2019/11/05 00:00:00', '2000', '2000', '48', '烁翼旗舰店');

-- ----------------------------
-- Table structure for CRM_CUSTOM_THIRD_PARTY_INFO
-- ----------------------------
DROP TABLE IF EXISTS `CRM_CUSTOM_THIRD_PARTY_INFO`;
CREATE TABLE `CRM_CUSTOM_THIRD_PARTY_INFO` (
  `THIRD_PARTY_ID` varchar(45) NOT NULL,
  `THIRD_PARTY_NAME` varchar(45) NOT NULL,
  `PROVINCE` varchar(60) DEFAULT NULL,
  `CITY` varchar(60) DEFAULT NULL,
  `DISTRICT` varchar(60) DEFAULT NULL,
  `ADDRESS` varchar(500) DEFAULT NULL COMMENT '地址',
  `DELIVERY_ADDR` varchar(500) DEFAULT NULL COMMENT '快递地址',
  `CONTACT1` varchar(45) DEFAULT NULL COMMENT '联系人',
  `CONTACT_NUMBER1` varchar(45) DEFAULT NULL,
  `CONTACT_WECHAT1` varchar(255) DEFAULT NULL COMMENT '微信号',
  `CONTACT2` varchar(45) DEFAULT NULL COMMENT '联系人',
  `CONTACT_NUMBER2` varchar(45) DEFAULT NULL,
  `CONTACT_WECHAT2` varchar(255) DEFAULT NULL COMMENT '微信号',
  PRIMARY KEY (`THIRD_PARTY_ID`)
) ENGINE=InnoDB DEFAULT CHARSET=utf8;

-- ----------------------------
-- Records of CRM_CUSTOM_THIRD_PARTY_INFO
-- ----------------------------
INSERT INTO `CRM_CUSTOM_THIRD_PARTY_INFO` VALUES ('1', '金乐', '上海市', '上海市', '嘉定区', '上海市嘉定工业区叶城路925号B4幢经纪公司招商部', '上海市嘉定工业区叶城路925号B4幢经纪公司招商部', '金乐', '15821571228', 'Sophia2543639893', '无', null, null);
INSERT INTO `CRM_CUSTOM_THIRD_PARTY_INFO` VALUES ('10', '陈文', '上海市', '上海市', '杨浦区', null, null, null, null, null, null, null, null);
INSERT INTO `CRM_CUSTOM_THIRD_PARTY_INFO` VALUES ('11', '杨浦军工路园区', '上海市', '上海市', '杨浦区', null, null, null, null, null, null, null, null);
INSERT INTO `CRM_CUSTOM_THIRD_PARTY_INFO` VALUES ('12', '小伟', '上海市', '上海市', '普陀区', null, null, null, null, null, null, null, null);
INSERT INTO `CRM_CUSTOM_THIRD_PARTY_INFO` VALUES ('2', '陆晨欢', '上海市', '上海市', '崇明区', null, null, null, null, null, null, null, null);
INSERT INTO `CRM_CUSTOM_THIRD_PARTY_INFO` VALUES ('3', '黎怡勇', '上海市', '上海市', '金山区', null, null, null, null, null, null, null, null);
INSERT INTO `CRM_CUSTOM_THIRD_PARTY_INFO` VALUES ('4', '臧凯', '上海市', '上海市', '宝山区', null, null, null, null, null, null, null, null);
INSERT INTO `CRM_CUSTOM_THIRD_PARTY_INFO` VALUES ('6', '夏寅冬', '上海市', '上海市', '嘉定区', null, null, null, null, null, null, null, null);
INSERT INTO `CRM_CUSTOM_THIRD_PARTY_INFO` VALUES ('68f4e6bfa0854abaa8593e3582e7ab14', '商标 权大师', '北京市', '北京市', '东城区', '', '', '', '', '', '', '', '');
INSERT INTO `CRM_CUSTOM_THIRD_PARTY_INFO` VALUES ('7', '潘赛杰', '上海市', '上海市', '崇明区', null, null, null, null, null, null, null, null);
INSERT INTO `CRM_CUSTOM_THIRD_PARTY_INFO` VALUES ('8', '徐潮', '上海市', '上海市', '奉贤区', null, null, null, null, null, null, null, null);
INSERT INTO `CRM_CUSTOM_THIRD_PARTY_INFO` VALUES ('9', '黄梓莘', '上海市', '上海市', '杨浦区', null, null, null, null, null, null, null, null);
INSERT INTO `CRM_CUSTOM_THIRD_PARTY_INFO` VALUES ('940bfe119e74483cadee9237ee71978c', '商标 盛凡', '浙江省', '杭州市', '上城区', '', '', '', '', '', '', '', '');

-- ----------------------------
-- Table structure for CRM_ORDER_BUSINESS_REL
-- ----------------------------
DROP TABLE IF EXISTS `CRM_ORDER_BUSINESS_REL`;
CREATE TABLE `CRM_ORDER_BUSINESS_REL` (
  `EVENT_ID` varchar(45) NOT NULL COMMENT '事件ID',
  `ORDER_ID` varchar(45) NOT NULL COMMENT '订单ID',
  `BUSINESS_ID` varchar(45) NOT NULL COMMENT '业务类型ID',
  `COMPANY_ID` varchar(45) NOT NULL,
  `OWNER_ID` varchar(45) NOT NULL COMMENT '对接人',
  `NEED_THIRD_PARTY` varchar(1) NOT NULL COMMENT '是否需要合作方',
  `THIRD_PARTY_ID` varchar(45) DEFAULT NULL,
  `THIRD_PARTY_FEE` decimal(10,0) DEFAULT NULL COMMENT '合作方费用',
  `BUSINESS_TAG` varchar(45) NOT NULL,
  `PRE_EVENT_ID` varchar(45) DEFAULT NULL COMMENT '前置任务',
  `REMARK` varchar(450) DEFAULT NULL,
  `CREATE_DATE` datetime DEFAULT NULL,
  `OWNER` varchar(45) DEFAULT NULL,
  PRIMARY KEY (`EVENT_ID`)
) ENGINE=InnoDB DEFAULT CHARSET=utf8;

-- ----------------------------
-- Records of CRM_ORDER_BUSINESS_REL
-- ----------------------------
INSERT INTO `CRM_ORDER_BUSINESS_REL` VALUES ('059374e6dd104870b10e6144756bb73d', '47', 'BIZ_4', '54e20fe1344c4efea91bd33c4b470801', '167390cb434c4d539c9ba1760ba1e901', '1', '1', '1212', '加急', null, '1212', '2019-11-17 17:37:03', '魏稳根');
INSERT INTO `CRM_ORDER_BUSINESS_REL` VALUES ('09b1660e997c42ce8e6b8a38af0b96d7', '10', 'BIZ_4', 'c1c09bb1354f49f188cde50591e3c73b', 'a286d363052946d5a88b5e824c590540', '0', '', null, '加急', null, '', '2019-10-13 17:56:55', '我是售后_1');
INSERT INTO `CRM_ORDER_BUSINESS_REL` VALUES ('0af8b15e8dc647ff85253263183b1d76', '44', 'BIZ_11', '', '24f1228d56b743b399e1f8d4ec70fc67', '0', '', null, '一般', null, '', '2019-10-30 10:17:49', '田国庆');
INSERT INTO `CRM_ORDER_BUSINESS_REL` VALUES ('0dcb76ef6cea4bda83c8cefbb235eba8', '35', 'BIZ_7', 'ad576a544fad489b80c7133a58232507', 'e31758ba68804628aff180ceb271650b', '0', '', null, '一般', null, '', '2019-10-28 10:11:54', '钮思傲');
INSERT INTO `CRM_ORDER_BUSINESS_REL` VALUES ('139eea231b1b48b3bccdd4b340584ad2', '10', 'BIZ_1', 'c1c09bb1354f49f188cde50591e3c73b', 'a286d363052946d5a88b5e824c590540', '1', '', null, '加急', null, '', '2019-10-13 17:56:16', '我是售后_1');
INSERT INTO `CRM_ORDER_BUSINESS_REL` VALUES ('17463e1be4bd459297861454979a563e', '44', 'BIZ_8', 'dddb607d8c964a3191e239d48b9c2fd1', '76562dba30ef49a0b8cffa04420ea7c5', '0', '', null, '一般', null, '', '2019-10-29 16:07:37', '陈翌路');
INSERT INTO `CRM_ORDER_BUSINESS_REL` VALUES ('1ae7177f8936449792688aa05df5e853', '28', 'BIZ_5', '202ae43f3eef40e0937c67189d58c339', '76562dba30ef49a0b8cffa04420ea7c5', '0', '', null, '一般', null, '', '2019-10-24 11:36:58', '陈翌路');
INSERT INTO `CRM_ORDER_BUSINESS_REL` VALUES ('1d4b0586069d43eab472b11d0b8433ef', '43', 'BIZ_6', 'dddb607d8c964a3191e239d48b9c2fd1', '24f1228d56b743b399e1f8d4ec70fc67', '1', '2', null, '一般', null, '', '2019-10-29 15:10:38', '田国庆');
INSERT INTO `CRM_ORDER_BUSINESS_REL` VALUES ('24e567d7a2fc4f60afb0da8e384dbd5f', '38', 'BIZ_4', '', '3d2c42b03ead49dba7d65ddf1f854428', '1', '3', null, '一般', null, '', '2019-10-28 13:24:09', '陈峰');
INSERT INTO `CRM_ORDER_BUSINESS_REL` VALUES ('2631c186c1cc4daaaf98f033bffbdc26', '16', 'BIZ_4', '', '3d2c42b03ead49dba7d65ddf1f854428', '0', '', null, '一般', null, '烁翼付款 嘉定小规模套餐 旺旺：cbv2000se1 陈东,18516608340 我直接拉群', '2019-10-17 15:02:05', '陈峰');
INSERT INTO `CRM_ORDER_BUSINESS_REL` VALUES ('283483098c724c8b851982eeceda9a71', '40', 'BIZ_10', '88c455bf8219485fafb12ba67882deff', '167390cb434c4d539c9ba1760ba1e901', '0', '', null, '一般', null, '', '2019-10-30 13:36:36', '魏稳根');
INSERT INTO `CRM_ORDER_BUSINESS_REL` VALUES ('2a14b604e029476689cf371a38704d75', '45', 'BIZ_11', '772b755933b742868bdd52f7b954a803', '3d2c42b03ead49dba7d65ddf1f854428', '1', '', null, '一般', null, '', '2019-10-30 14:45:21', '陈峰');
INSERT INTO `CRM_ORDER_BUSINESS_REL` VALUES ('39bc60772ac744338e08d813e29fbb88', '41', 'BIZ_3', '', '8b4dad8599794e21a6790c7e21b93067', '1', '', null, '一般', null, '', '2019-10-30 12:39:07', '龚嘉玺');
INSERT INTO `CRM_ORDER_BUSINESS_REL` VALUES ('3fd1b2b719a54d11aeab5cd4f59fd458', '48', 'BIZ_6', '54e20fe1344c4efea91bd33c4b470801', '15902a94b57648549216a8f2ed0765d7', '1', '', null, '一般', null, '', '2019-11-06 17:16:46', '张强强');
INSERT INTO `CRM_ORDER_BUSINESS_REL` VALUES ('4615732a21f9446f9fcec8b9bd4fc8bd', '1', 'BIZ_5', 'A5B24848E32D47FD9472DE4323D61DA2', 'a286d363052946d5a88b5e824c590540', '1', '1', '1424', '加急', null, '1414', '2019-10-13 20:45:57', '我是售后_1');
INSERT INTO `CRM_ORDER_BUSINESS_REL` VALUES ('47f5e61240ac4d9980a4fac62a6d91e8', '28', 'BIZ_8', '202ae43f3eef40e0937c67189d58c339', '76562dba30ef49a0b8cffa04420ea7c5', '0', '', null, '一般', null, '', '2019-10-24 11:37:10', '陈翌路');
INSERT INTO `CRM_ORDER_BUSINESS_REL` VALUES ('48ec0b235eed4c49868570959b95507f', '21', 'BIZ_6', 'f6c5b44e1d3546439a54528a1e9973c1', 'e31758ba68804628aff180ceb271650b', '0', '', null, '一般', null, '', '2019-10-17 16:03:08', '钮思傲');
INSERT INTO `CRM_ORDER_BUSINESS_REL` VALUES ('4e7c1f9c123a46f2b6b625fa6cdbef53', '29', 'BIZ_8', '', '76562dba30ef49a0b8cffa04420ea7c5', '0', '', null, '一般', null, '', '2019-10-24 11:49:22', '陈翌路');
INSERT INTO `CRM_ORDER_BUSINESS_REL` VALUES ('508aa00d28674a7ab56268f12bd780d1', '36', 'BIZ_4', '', '3d2c42b03ead49dba7d65ddf1f854428', '1', '2', null, '一般', null, '', '2019-10-28 10:55:32', '陈峰');
INSERT INTO `CRM_ORDER_BUSINESS_REL` VALUES ('5398e437b12f4461b3b6d692e91d649a', '14', 'BIZ_4', '', 'a286d363052946d5a88b5e824c590540', '1', '1', '1233', '加急', null, '测试：公司注册，挺着急的', '2019-10-16 23:10:02', '我是售后_1');
INSERT INTO `CRM_ORDER_BUSINESS_REL` VALUES ('54d1cc666e3c49b09e38e0f2dcf92ce4', '47', 'BIZ_11', '猪八戒', '3d2c42b03ead49dba7d65ddf1f854428', '1', '1', null, '一般', null, '', '2019-11-02 16:22:11', '陈峰');
INSERT INTO `CRM_ORDER_BUSINESS_REL` VALUES ('5b73e26c064f4e5db174cfd515952852', '7', 'BIZ_4', 'fc025bd0acf24505814b52fd92bfe7f8', 'a286d363052946d5a88b5e824c590540', '1', '1', '23', '加急', null, '2rfwef', '2019-10-12 10:36:15', '我是售后_1');
INSERT INTO `CRM_ORDER_BUSINESS_REL` VALUES ('5cc45c8cd301458f977a60aad125e213', '31', 'BIZ_4', '', '167390cb434c4d539c9ba1760ba1e901', '1', '1', null, '一般', null, '', '2019-10-24 13:35:32', '魏稳根');
INSERT INTO `CRM_ORDER_BUSINESS_REL` VALUES ('5d087399521547a68d34851a7e5116ed', '47', 'BIZ_6', '54e20fe1344c4efea91bd33c4b470801', '24f1228d56b743b399e1f8d4ec70fc67', '1', '', null, '一般', null, '', '2019-11-02 16:46:19', '田国庆');
INSERT INTO `CRM_ORDER_BUSINESS_REL` VALUES ('64e6245962524c84ab969c6fe961001f', '47', 'BIZ_10', '54e20fe1344c4efea91bd33c4b470801', '3d2c42b03ead49dba7d65ddf1f854428', '0', '', null, '', null, '', '2019-11-02 15:37:19', '陈峰');
INSERT INTO `CRM_ORDER_BUSINESS_REL` VALUES ('65792f61524048d393a96fc6a1311d37', '7', 'BIZ_1', 'fc025bd0acf24505814b52fd92bfe7f8', 'a286d363052946d5a88b5e824c590540', '1', '1', '12', '加急', null, 'sdfsa', '2019-10-12 10:48:32', '我是售后_1');
INSERT INTO `CRM_ORDER_BUSINESS_REL` VALUES ('69cf83333305450ab249bb5f4769619e', '46', 'BIZ_2', '772b755933b742868bdd52f7b954a803', '76562dba30ef49a0b8cffa04420ea7c5', '0', '', null, '一般', null, '', '2019-11-02 15:27:03', '陈翌路');
INSERT INTO `CRM_ORDER_BUSINESS_REL` VALUES ('6bb376977f6a410cb456e957e632d02e', '45', 'BIZ_10', '772b755933b742868bdd52f7b954a803', '3d2c42b03ead49dba7d65ddf1f854428', '0', '', null, '一般', null, '', '2019-10-30 14:41:12', '陈峰');
INSERT INTO `CRM_ORDER_BUSINESS_REL` VALUES ('6ccaec607d5443fba4628a34f3f66ca2', '20', 'BIZ_9', '', '167390cb434c4d539c9ba1760ba1e901', '1', '', null, '一般', null, '老客户推荐', '2019-10-18 15:29:33', '魏稳根');
INSERT INTO `CRM_ORDER_BUSINESS_REL` VALUES ('6f917efa7d414ef9b7bbc4ea385259fe', '1', 'BIZ_4', 'A5B24848E32D47FD9472DE4323D61DA2', 'a286d363052946d5a88b5e824c590540', '1', '1', '12', '加急', null, '公司注册，请立即执行', '2019-10-13 23:52:21', '我是售后_1');
INSERT INTO `CRM_ORDER_BUSINESS_REL` VALUES ('719f881020e648d5b6c306f622057c65', '37', 'BIZ_8', '92e4679fe1b241a3ad816f21306ea771', '76562dba30ef49a0b8cffa04420ea7c5', '0', '', null, '一般', null, '', '2019-10-28 13:18:07', '陈翌路');
INSERT INTO `CRM_ORDER_BUSINESS_REL` VALUES ('74149bd10aef457d9f2ce1a7e3f28077', '7', 'BIZ_7', 'fc025bd0acf24505814b52fd92bfe7f8', '42ed651d283b4019aaab51117063b5f1', '1', '', null, '加急', null, '', '2019-10-11 22:15:04', '我是外勤2');
INSERT INTO `CRM_ORDER_BUSINESS_REL` VALUES ('74abe91b92cd4dae914fbe3ed541c904', '44', 'BIZ_5', 'dddb607d8c964a3191e239d48b9c2fd1', '76562dba30ef49a0b8cffa04420ea7c5', '0', '', null, '一般', null, '', '2019-10-29 15:44:58', '陈翌路');
INSERT INTO `CRM_ORDER_BUSINESS_REL` VALUES ('7b1edf23d02d4f0185439ae87b4416b8', '5', 'BIZ_2', '925b956b9029446fafb48ac130ba0202', 'a286d363052946d5a88b5e824c590540', '1', '2', '1231', '加急', null, '萨芬士大夫', '2019-10-12 12:15:18', '我是售后_1');
INSERT INTO `CRM_ORDER_BUSINESS_REL` VALUES ('7bc94c1c1a0e4daf85ad02a22f60c895', '48', 'BIZ_1', '54e20fe1344c4efea91bd33c4b470801', '76562dba30ef49a0b8cffa04420ea7c5', '0', '', null, '一般', null, '', '2019-11-06 17:21:44', '陈翌路');
INSERT INTO `CRM_ORDER_BUSINESS_REL` VALUES ('801d252060884b9aa5482314e30da197', '41', 'BIZ_1', 'dddb607d8c964a3191e239d48b9c2fd1', '167390cb434c4d539c9ba1760ba1e901', '1', '11', '1212', '加急', null, '1211', '2019-10-30 12:28:32', '魏稳根');
INSERT INTO `CRM_ORDER_BUSINESS_REL` VALUES ('80707a12ccd84ebeb98da4a4f8c00786', '11', 'BIZ_10', '', '3d2c42b03ead49dba7d65ddf1f854428', '1', '', null, '一般', null, '危化品', '2019-10-21 11:27:33', '陈峰');
INSERT INTO `CRM_ORDER_BUSINESS_REL` VALUES ('811d6a43cfec4ad9b3562d872fb3ad27', '41', 'BIZ_11', 'dddb607d8c964a3191e239d48b9c2fd1', '167390cb434c4d539c9ba1760ba1e901', '0', '', null, '一般', null, '', '2019-10-30 12:38:14', '魏稳根');
INSERT INTO `CRM_ORDER_BUSINESS_REL` VALUES ('82209850a7574c68af83f8a0eceb204f', '34', 'BIZ_5', 'e4f8522bc0e14b0a9fc8be34d23454da', '76562dba30ef49a0b8cffa04420ea7c5', '0', '', null, '一般', null, '', '2019-10-25 10:21:27', '陈翌路');
INSERT INTO `CRM_ORDER_BUSINESS_REL` VALUES ('82572637b9b840c08109acd70d14ddb5', '41', 'BIZ_10', 'dddb607d8c964a3191e239d48b9c2fd1', '167390cb434c4d539c9ba1760ba1e901', '1', '1', null, '一般', null, '', '2019-10-29 11:08:27', '魏稳根');
INSERT INTO `CRM_ORDER_BUSINESS_REL` VALUES ('8681a7eff5fc42b68bd99b12df110843', '5', 'BIZ_4', '925b956b9029446fafb48ac130ba0202', 'a286d363052946d5a88b5e824c590540', '0', '', null, '一般', null, '', '2019-10-12 12:17:59', '我是售后_1');
INSERT INTO `CRM_ORDER_BUSINESS_REL` VALUES ('8b32863d777c40b2bae2a1a9e5f4aa3a', '30', 'BIZ_4', '', '3d2c42b03ead49dba7d65ddf1f854428', '1', '8', null, '一般', null, '', '2019-10-24 11:56:09', '陈峰');
INSERT INTO `CRM_ORDER_BUSINESS_REL` VALUES ('8d0285af88af42efb66c8ffecbab8b6d', '43', 'BIZ_7', 'dddb607d8c964a3191e239d48b9c2fd1', '24f1228d56b743b399e1f8d4ec70fc67', '1', '1', null, '一般', null, '', '2019-10-29 13:35:55', '田国庆');
INSERT INTO `CRM_ORDER_BUSINESS_REL` VALUES ('8f6d74904e4a43899b0119766a1c2f5f', '10', 'BIZ_10', 'c1c09bb1354f49f188cde50591e3c73b', 'a286d363052946d5a88b5e824c590540', '1', '1', '213', '加急', null, '许可证办理', '2019-10-13 19:06:01', '我是售后_1');
INSERT INTO `CRM_ORDER_BUSINESS_REL` VALUES ('98e49be2a6ae412580550656eb180048', '47', 'BIZ_6', '54e20fe1344c4efea91bd33c4b470801', '15902a94b57648549216a8f2ed0765d7', '1', '12', '123', '加急', null, '123213', '2019-11-02 21:56:22', '张强强');
INSERT INTO `CRM_ORDER_BUSINESS_REL` VALUES ('9a1c944e181349a69f32d37eed23b4b5', '41', 'BIZ_11', 'dddb607d8c964a3191e239d48b9c2fd1', '', '1', '1', null, '一般', null, '', '2019-10-29 11:29:23', '魏稳根');
INSERT INTO `CRM_ORDER_BUSINESS_REL` VALUES ('9bbdcfabfbbd413b91f4d8c3f7cc5eee', '15', 'BIZ_4', '51df31a548504184a481eb47ea90572d', 'a286d363052946d5a88b5e824c590540', '0', '', null, '一般', null, '', '2019-10-15 16:50:23', '我是售后_1');
INSERT INTO `CRM_ORDER_BUSINESS_REL` VALUES ('9d4075f3c9df4e6aadb9f19ea5b604de', '44', 'BIZ_4', 'dddb607d8c964a3191e239d48b9c2fd1', '167390cb434c4d539c9ba1760ba1e901', '1', '1', null, '一般', null, '', '2019-10-29 16:48:08', '魏稳根');
INSERT INTO `CRM_ORDER_BUSINESS_REL` VALUES ('a304c76b2cc8465d89cdfacd7eb8685a', '29', 'BIZ_5', '6732f5648d6c476f9d8a8d1e3a02ef4c', '76562dba30ef49a0b8cffa04420ea7c5', '0', '', null, '一般', null, '', '2019-10-24 11:49:10', '陈翌路');
INSERT INTO `CRM_ORDER_BUSINESS_REL` VALUES ('a3a8dd8f2a8445bd842628b34f693761', '45', 'BIZ_8', '772b755933b742868bdd52f7b954a803', '76562dba30ef49a0b8cffa04420ea7c5', '0', '', null, '一般', null, '', '2019-10-30 14:47:15', '陈翌路');
INSERT INTO `CRM_ORDER_BUSINESS_REL` VALUES ('a65502510854475d8dddf77703746dd5', '34', 'BIZ_8', 'e4f8522bc0e14b0a9fc8be34d23454da', '76562dba30ef49a0b8cffa04420ea7c5', '0', '', null, '一般', null, '', '2019-10-25 10:21:51', '陈翌路');
INSERT INTO `CRM_ORDER_BUSINESS_REL` VALUES ('a79ae8eeee1041debdd216c675e95726', '47', 'BIZ_7', '54e20fe1344c4efea91bd33c4b470801', '24f1228d56b743b399e1f8d4ec70fc67', '0', '', null, '一般', null, '', '2019-11-02 16:16:25', '田国庆');
INSERT INTO `CRM_ORDER_BUSINESS_REL` VALUES ('a7a4c07ba36d4b9eb422cd8277df3d65', '41', 'BIZ_9', 'dddb607d8c964a3191e239d48b9c2fd1', '167390cb434c4d539c9ba1760ba1e901', '1', '940bfe119e74483cadee9237ee71978c', null, '一般', null, '', '2019-10-29 13:30:27', '魏稳根');
INSERT INTO `CRM_ORDER_BUSINESS_REL` VALUES ('a7e2e496aaf946fea05e8e01900a364f', '45', 'BIZ_3', '772b755933b742868bdd52f7b954a803', '8b4dad8599794e21a6790c7e21b93067', '0', '', null, '一般', null, '', '2019-10-30 14:46:16', '龚嘉玺');
INSERT INTO `CRM_ORDER_BUSINESS_REL` VALUES ('a8053c08266e4470bd3321065f3a8287', '41', 'BIZ_10', '', '167390cb434c4d539c9ba1760ba1e901', '1', '', null, '一般', null, '', '2019-10-30 12:37:48', '魏稳根');
INSERT INTO `CRM_ORDER_BUSINESS_REL` VALUES ('a9743c8fe7eb4a72a64e55638b28287c', '47', 'BIZ_6', '54e20fe1344c4efea91bd33c4b470801', '15902a94b57648549216a8f2ed0765d7', '1', '10', '21', '加急', null, '121221', '2019-11-02 21:55:01', '张强强');
INSERT INTO `CRM_ORDER_BUSINESS_REL` VALUES ('b0e13eafb13948d7b2bacf1bed9a619e', '4', '公司注册', '', '陈峰', '1', '金山区  黎怡勇', null, '一般', null, '', '2019-10-28 00:41:43', '');
INSERT INTO `CRM_ORDER_BUSINESS_REL` VALUES ('b13ce98517604b37b065574ed3be0f39', '45', 'BIZ_5', '772b755933b742868bdd52f7b954a803', '76562dba30ef49a0b8cffa04420ea7c5', '0', '', null, '一般', null, '', '2019-10-30 14:46:34', '陈翌路');
INSERT INTO `CRM_ORDER_BUSINESS_REL` VALUES ('b1533c294e424deaaba752d9621d3971', '5', 'BIZ_1', '925b956b9029446fafb48ac130ba0202', 'a286d363052946d5a88b5e824c590540', '1', '1', null, '加急', null, '', '2019-10-12 12:14:03', '我是售后_1');
INSERT INTO `CRM_ORDER_BUSINESS_REL` VALUES ('b3286a15d4604d73b64a636307cb9e6c', '7', 'BIZ_4', 'fc025bd0acf24505814b52fd92bfe7f8', 'a286d363052946d5a88b5e824c590540', '1', '', null, '加急', null, '', '2019-10-11 22:14:46', '我是售后_1');
INSERT INTO `CRM_ORDER_BUSINESS_REL` VALUES ('b3dd4297235248538339a475164f5dfa', '1', 'BIZ_1', 'A5B24848E32D47FD9472DE4323D61DA2', 'a286d363052946d5a88b5e824c590540', '1', '1', '123', '加急', null, '公积金代缴，请立即执行', '2019-10-13 23:47:45', '我是售后_1');
INSERT INTO `CRM_ORDER_BUSINESS_REL` VALUES ('b795d8b435b44cfba7b1c7440819cf18', '41', 'BIZ_9', 'dddb607d8c964a3191e239d48b9c2fd1', '167390cb434c4d539c9ba1760ba1e901', '1', '940bfe119e74483cadee9237ee71978c', null, '一般', null, '', '2019-10-29 12:00:38', '魏稳根');
INSERT INTO `CRM_ORDER_BUSINESS_REL` VALUES ('b7b64e68d77045d7bbecbad718996be6', '33', 'BIZ_10', '', '3d2c42b03ead49dba7d65ddf1f854428', '1', '3', null, '一般', null, '危化品', '2019-10-24 13:52:17', '陈峰');
INSERT INTO `CRM_ORDER_BUSINESS_REL` VALUES ('b7b718007f0a41caa3dd6347e9c64add', '32', 'BIZ_3', '149a05f70f734aab9e90ea91bbcb9081', '8b4dad8599794e21a6790c7e21b93067', '0', '', null, '一般', null, '', '2019-10-24 13:47:38', '龚嘉玺');
INSERT INTO `CRM_ORDER_BUSINESS_REL` VALUES ('b82bb84ea9e2423ebad00ccd193397cd', '39', 'BIZ_3', '88c455bf8219485fafb12ba67882deff', '8b4dad8599794e21a6790c7e21b93067', '0', '', null, '一般', null, '', '2019-10-29 10:57:55', '龚嘉玺');
INSERT INTO `CRM_ORDER_BUSINESS_REL` VALUES ('ba8be0583ca14e82a93b27d7032e1dbe', '41', 'BIZ_4', '', '167390cb434c4d539c9ba1760ba1e901', '0', '', null, '一般', null, '', '2019-10-30 12:39:19', '魏稳根');
INSERT INTO `CRM_ORDER_BUSINESS_REL` VALUES ('c31cf94db0bc4e1c9c6f9f4391333541', '44', 'BIZ_10', '', '167390cb434c4d539c9ba1760ba1e901', '0', '', null, '一般', null, '', '2019-10-30 10:17:20', '魏稳根');
INSERT INTO `CRM_ORDER_BUSINESS_REL` VALUES ('c4de3a1be1174b4f8754cae5aa9e1271', '4', 'BIZ_1', '', '3d2c42b03ead49dba7d65ddf1f854428', '1', '1', '12', '加急', null, '1212', '2019-10-28 02:15:32', '陈峰');
INSERT INTO `CRM_ORDER_BUSINESS_REL` VALUES ('c541e98a599e40e79103b621c02e0a27', '45', 'BIZ_7', '772b755933b742868bdd52f7b954a803', '15902a94b57648549216a8f2ed0765d7', '0', '', null, '一般', null, '', '2019-10-30 14:47:04', '张强强');
INSERT INTO `CRM_ORDER_BUSINESS_REL` VALUES ('c65723cec0324d3aab3c4246e32b8654', '42', 'BIZ_9', 'dddb607d8c964a3191e239d48b9c2fd1', '167390cb434c4d539c9ba1760ba1e901', '1', '940bfe119e74483cadee9237ee71978c', null, '一般', null, '', '2019-10-29 13:32:20', '魏稳根');
INSERT INTO `CRM_ORDER_BUSINESS_REL` VALUES ('c6666c4b61664bfcbb29d9986bc14321', '45', 'BIZ_1', '', '167390cb434c4d539c9ba1760ba1e901', '1', '1', '12', '加急', null, '121221', '2019-10-30 23:14:38', '魏稳根');
INSERT INTO `CRM_ORDER_BUSINESS_REL` VALUES ('c70378dc915742dca8fd5b77125b5159', '18', 'BIZ_4', '', 'a286d363052946d5a88b5e824c590540', '0', '', null, '一般', null, '', '2019-10-17 13:09:03', '我是售后_1');
INSERT INTO `CRM_ORDER_BUSINESS_REL` VALUES ('caaa1ba213ce4095b7acff2562dd30d2', '44', 'BIZ_11', '', '167390cb434c4d539c9ba1760ba1e901', '1', '1', null, '一般', null, '', '2019-10-30 10:18:04', '魏稳根');
INSERT INTO `CRM_ORDER_BUSINESS_REL` VALUES ('cdbc7fe32d7e4c8b8f20cf83c9fde619', '27', 'BIZ_4', '', '3d2c42b03ead49dba7d65ddf1f854428', '1', '1', null, '一般', null, '仅注册', '2019-10-24 11:31:33', '陈峰');
INSERT INTO `CRM_ORDER_BUSINESS_REL` VALUES ('d0f1a95daffe4772a878e63ef2d17b6f', '45', 'BIZ_4', '772b755933b742868bdd52f7b954a803', '3d2c42b03ead49dba7d65ddf1f854428', '0', '1', null, '一般', null, '', '2019-10-30 14:50:40', '陈峰');
INSERT INTO `CRM_ORDER_BUSINESS_REL` VALUES ('d129885c46cf462ead572298ef3c3e83', '41', 'BIZ_11', '', '24f1228d56b743b399e1f8d4ec70fc67', '0', '', null, '一般', null, '', '2019-10-30 12:38:01', '田国庆');
INSERT INTO `CRM_ORDER_BUSINESS_REL` VALUES ('d74393ec477d40f788ef308f0189c246', '5', 'BIZ_10', '925b956b9029446fafb48ac130ba0202', 'a286d363052946d5a88b5e824c590540', '0', '', null, '一般', null, '阿萨法发', '2019-10-12 12:14:28', '我是售后_1');
INSERT INTO `CRM_ORDER_BUSINESS_REL` VALUES ('d7674bb006fc47a497f3e0b0917ad392', '48', 'BIZ_4', '54e20fe1344c4efea91bd33c4b470801', '3d2c42b03ead49dba7d65ddf1f854428', '1', '', null, '一般', null, '', '2019-11-06 17:01:31', '陈峰');
INSERT INTO `CRM_ORDER_BUSINESS_REL` VALUES ('d842301b272046cabcd90d3b72f3edf6', '48', 'BIZ_8', '54e20fe1344c4efea91bd33c4b470801', '76562dba30ef49a0b8cffa04420ea7c5', '1', '', null, '一般', null, '', '2019-11-06 17:19:01', '陈翌路');
INSERT INTO `CRM_ORDER_BUSINESS_REL` VALUES ('e2fb75f5b0674b139c34191384a987ef', '8', 'BIZ_4', '1dc1991f5714470bb36d24a533eefb3d', 'a286d363052946d5a88b5e824c590540', '1', '1', '500', '一般', null, '', '2019-09-25 11:25:02', '我是售后_1');
INSERT INTO `CRM_ORDER_BUSINESS_REL` VALUES ('e394232d413f411fadbfa3b21a2e6e23', '45', 'BIZ_6', '772b755933b742868bdd52f7b954a803', '15902a94b57648549216a8f2ed0765d7', '0', '', null, '一般', null, '', '2019-10-30 14:46:50', '张强强');
INSERT INTO `CRM_ORDER_BUSINESS_REL` VALUES ('e80c2efa21c045fa9d275722372fc238', '19', 'BIZ_7', 'ab8a5480b1e14cdc8fa20edfbf635bf9', '2869b57d6832449c916dbbb4e2128cac', '0', '', null, '一般', null, '', '2019-10-17 15:48:45', '郑安心');
INSERT INTO `CRM_ORDER_BUSINESS_REL` VALUES ('e893665734294343b6fb0d07dbb1c9be', '28', 'BIZ_2', '202ae43f3eef40e0937c67189d58c339', '76562dba30ef49a0b8cffa04420ea7c5', '0', '', null, '一般', null, '', '2019-10-25 09:10:18', '陈翌路');
INSERT INTO `CRM_ORDER_BUSINESS_REL` VALUES ('ea260b602e474bb18f4185a17c1a16cf', '47', 'BIZ_4', '', '3d2c42b03ead49dba7d65ddf1f854428', '1', '', null, '一般', null, '', '2019-11-02 17:25:11', '陈峰');
INSERT INTO `CRM_ORDER_BUSINESS_REL` VALUES ('ea3cbcb74c3e48ec9e4abc2e13bc1138', '48', 'BIZ_10', '猪八戒', '3d2c42b03ead49dba7d65ddf1f854428', '1', '12', null, '一般', null, '浦东', '2019-11-06 17:11:38', '陈峰');
INSERT INTO `CRM_ORDER_BUSINESS_REL` VALUES ('ea47292a2b3f436fa38650e6b496a367', '7', 'BIZ_5', 'fc025bd0acf24505814b52fd92bfe7f8', 'a286d363052946d5a88b5e824c590540', '0', '', null, '一般', null, '', '2019-10-11 22:13:34', '我是售后_1');
INSERT INTO `CRM_ORDER_BUSINESS_REL` VALUES ('eaede41d233841438029c8480dae6dd0', '46', 'BIZ_1', '772b755933b742868bdd52f7b954a803', '76562dba30ef49a0b8cffa04420ea7c5', '0', '', null, '一般', null, '', '2019-11-02 14:22:18', '陈翌路');
INSERT INTO `CRM_ORDER_BUSINESS_REL` VALUES ('ebcf732e7612463d8377f210bc4dac32', '5', 'BIZ_3', '925b956b9029446fafb48ac130ba0202', '4', '0', '', null, '一般', null, '', '2019-10-12 12:16:50', '我是财务主管1');
INSERT INTO `CRM_ORDER_BUSINESS_REL` VALUES ('eea1b33b2d5a433997f84f6d6bac629f', '6', 'BIZ_9', '8a6134abc31c49a883c6bd170ac446e3', '167390cb434c4d539c9ba1760ba1e901', '1', '11', '123', '加急', null, '测试：商标注册', '2019-10-23 21:50:47', '魏稳根');
INSERT INTO `CRM_ORDER_BUSINESS_REL` VALUES ('f138b07f6cce4094af8e62cc28e7a174', '28', 'BIZ_1', '202ae43f3eef40e0937c67189d58c339', '76562dba30ef49a0b8cffa04420ea7c5', '0', '', null, '一般', null, '', '2019-10-25 09:11:30', '陈翌路');
INSERT INTO `CRM_ORDER_BUSINESS_REL` VALUES ('f306ed6dfb854cd9836ebbf7e3d6857d', '3', 'BIZ_4', '', '3d2c42b03ead49dba7d65ddf1f854428', '0', '', null, '一般', null, '崇明小规模套餐', '2019-10-17 16:35:33', '陈峰');
INSERT INTO `CRM_ORDER_BUSINESS_REL` VALUES ('f4b7ffac94a84b9397967c2576a11b4a', '37', 'BIZ_5', '92e4679fe1b241a3ad816f21306ea771', '76562dba30ef49a0b8cffa04420ea7c5', '0', '', null, '一般', null, '', '2019-10-28 13:18:26', '陈翌路');
INSERT INTO `CRM_ORDER_BUSINESS_REL` VALUES ('f7f35ecfd0634ee785d805728898423a', '45', 'BIZ_9', '772b755933b742868bdd52f7b954a803', '3d2c42b03ead49dba7d65ddf1f854428', '0', '', null, '一般', null, '', '2019-10-30 14:47:26', '陈峰');
INSERT INTO `CRM_ORDER_BUSINESS_REL` VALUES ('fba43249b81347cab38165366d3e6212', '4', '公积金代缴', '', '陈峰', '1', '嘉定区  金乐', '12', '加急', null, '213214', '2019-10-28 01:24:13', '');
INSERT INTO `CRM_ORDER_BUSINESS_REL` VALUES ('fe6e7e9f65f248fe9677c2506e52b74c', '41', 'BIZ_2', 'dddb607d8c964a3191e239d48b9c2fd1', '167390cb434c4d539c9ba1760ba1e901', '1', '1', '12', '加急', null, '12121', '2019-10-30 12:42:25', '魏稳根');
INSERT INTO `CRM_ORDER_BUSINESS_REL` VALUES ('fef03fb6194e4706bc14e300181b5d3e', '38', 'BIZ_10', '', '3d2c42b03ead49dba7d65ddf1f854428', '1', '3', null, '一般', null, '', '2019-10-28 13:24:28', '陈峰');

-- ----------------------------
-- Table structure for CRM_ORDER_DLJZ_DETAIL
-- ----------------------------
DROP TABLE IF EXISTS `CRM_ORDER_DLJZ_DETAIL`;
CREATE TABLE `CRM_ORDER_DLJZ_DETAIL` (
  `EVENT_ID` varchar(45) NOT NULL,
  `ORDER_ID` varchar(45) NOT NULL,
  `BEGIN_DATE` date DEFAULT NULL,
  `END_DATE` date DEFAULT NULL,
  `DIFF` varchar(10) DEFAULT NULL,
  `IS_BEGIN` varchar(1) DEFAULT NULL COMMENT '服务是否开始',
  PRIMARY KEY (`EVENT_ID`)
) ENGINE=InnoDB DEFAULT CHARSET=utf8 COMMENT='代理记账明细表';

-- ----------------------------
-- Records of CRM_ORDER_DLJZ_DETAIL
-- ----------------------------
INSERT INTO `CRM_ORDER_DLJZ_DETAIL` VALUES ('39bc60772ac744338e08d813e29fbb88', '41', '2019-10-30', '2020-10-30', null, '0');
INSERT INTO `CRM_ORDER_DLJZ_DETAIL` VALUES ('a7e2e496aaf946fea05e8e01900a364f', '45', '2019-10-30', '2020-10-30', null, '1');
INSERT INTO `CRM_ORDER_DLJZ_DETAIL` VALUES ('b7b718007f0a41caa3dd6347e9c64add', '32', '2019-10-01', '2020-04-01', '6', '1');
INSERT INTO `CRM_ORDER_DLJZ_DETAIL` VALUES ('b82bb84ea9e2423ebad00ccd193397cd', '39', '2019-11-01', '2020-11-01', null, '0');
INSERT INTO `CRM_ORDER_DLJZ_DETAIL` VALUES ('ebcf732e7612463d8377f210bc4dac32', '5', '2019-10-12', '2019-12-12', '2', '1');

-- ----------------------------
-- Table structure for CRM_ORDER_GJJSBDJ_DETAIL
-- ----------------------------
DROP TABLE IF EXISTS `CRM_ORDER_GJJSBDJ_DETAIL`;
CREATE TABLE `CRM_ORDER_GJJSBDJ_DETAIL` (
  `EVENT_ID` varchar(45) NOT NULL,
  `ORDER_ID` varchar(45) NOT NULL,
  `BUSINESS_ID` varchar(45) DEFAULT NULL,
  `BEGIN_DATE` date DEFAULT NULL,
  `END_DATE` date DEFAULT NULL,
  `DIFF` varchar(10) DEFAULT NULL,
  `EMPLOYEE_NUM` int(11) DEFAULT NULL COMMENT '缴款人数',
  PRIMARY KEY (`EVENT_ID`)
) ENGINE=InnoDB DEFAULT CHARSET=utf8 COMMENT='公积金社保代缴明细表';

-- ----------------------------
-- Records of CRM_ORDER_GJJSBDJ_DETAIL
-- ----------------------------
INSERT INTO `CRM_ORDER_GJJSBDJ_DETAIL` VALUES ('139eea231b1b48b3bccdd4b340584ad2', '10', 'BIZ_1', '2019-10-13', '2019-10-13', '0', '0');
INSERT INTO `CRM_ORDER_GJJSBDJ_DETAIL` VALUES ('65792f61524048d393a96fc6a1311d37', '7', 'BIZ_1', '2019-10-12', '2019-10-12', '0', '0');
INSERT INTO `CRM_ORDER_GJJSBDJ_DETAIL` VALUES ('69cf83333305450ab249bb5f4769619e', '46', 'BIZ_2', null, null, null, '0');
INSERT INTO `CRM_ORDER_GJJSBDJ_DETAIL` VALUES ('7b1edf23d02d4f0185439ae87b4416b8', '5', 'BIZ_2', '2019-10-12', '2019-10-12', '0', '0');
INSERT INTO `CRM_ORDER_GJJSBDJ_DETAIL` VALUES ('7bc94c1c1a0e4daf85ad02a22f60c895', '48', 'BIZ_1', null, null, null, '0');
INSERT INTO `CRM_ORDER_GJJSBDJ_DETAIL` VALUES ('801d252060884b9aa5482314e30da197', '41', 'BIZ_1', '2019-10-04', '2020-10-04', null, '12');
INSERT INTO `CRM_ORDER_GJJSBDJ_DETAIL` VALUES ('b1533c294e424deaaba752d9621d3971', '5', 'BIZ_1', '2019-10-12', '2019-10-12', '0', '1');
INSERT INTO `CRM_ORDER_GJJSBDJ_DETAIL` VALUES ('b3dd4297235248538339a475164f5dfa', '1', 'BIZ_1', '2019-10-13', '2019-10-13', '0', '0');
INSERT INTO `CRM_ORDER_GJJSBDJ_DETAIL` VALUES ('c4de3a1be1174b4f8754cae5aa9e1271', '4', 'BIZ_1', '2019-10-28', '2020-10-28', '12', '12');
INSERT INTO `CRM_ORDER_GJJSBDJ_DETAIL` VALUES ('c6666c4b61664bfcbb29d9986bc14321', '45', 'BIZ_1', null, null, null, '12');
INSERT INTO `CRM_ORDER_GJJSBDJ_DETAIL` VALUES ('e893665734294343b6fb0d07dbb1c9be', '28', 'BIZ_2', '2019-10-01', '2019-10-01', '0', '0');
INSERT INTO `CRM_ORDER_GJJSBDJ_DETAIL` VALUES ('eaede41d233841438029c8480dae6dd0', '46', 'BIZ_1', null, null, null, '0');
INSERT INTO `CRM_ORDER_GJJSBDJ_DETAIL` VALUES ('f138b07f6cce4094af8e62cc28e7a174', '28', 'BIZ_1', '2019-11-01', '2019-11-01', '0', '0');
INSERT INTO `CRM_ORDER_GJJSBDJ_DETAIL` VALUES ('fba43249b81347cab38165366d3e6212', '4', 'BIZ_1', '2019-10-28', '2019-10-28', null, '12');
INSERT INTO `CRM_ORDER_GJJSBDJ_DETAIL` VALUES ('fe6e7e9f65f248fe9677c2506e52b74c', '41', 'BIZ_2', '2019-10-30', '2020-10-30', null, '0');

-- ----------------------------
-- Table structure for CRM_ORDER_GSZC_DETAIL
-- ----------------------------
DROP TABLE IF EXISTS `CRM_ORDER_GSZC_DETAIL`;
CREATE TABLE `CRM_ORDER_GSZC_DETAIL` (
  `EVENT_ID` varchar(45) NOT NULL,
  `ORDER_ID` varchar(45) DEFAULT NULL,
  `ABSENT` varchar(1) DEFAULT NULL COMMENT '是否需要到场，0：到场，1：缺席',
  `REG_LOCATION_TYPE` varchar(45) DEFAULT NULL COMMENT '注册地类型',
  PRIMARY KEY (`EVENT_ID`)
) ENGINE=InnoDB DEFAULT CHARSET=utf8;

-- ----------------------------
-- Records of CRM_ORDER_GSZC_DETAIL
-- ----------------------------
INSERT INTO `CRM_ORDER_GSZC_DETAIL` VALUES ('059374e6dd104870b10e6144756bb73d', '47', '0', '虚拟注册');
INSERT INTO `CRM_ORDER_GSZC_DETAIL` VALUES ('09b1660e997c42ce8e6b8a38af0b96d7', '10', '1', '虚拟注册');
INSERT INTO `CRM_ORDER_GSZC_DETAIL` VALUES ('24e567d7a2fc4f60afb0da8e384dbd5f', '38', '1', '虚拟注册');
INSERT INTO `CRM_ORDER_GSZC_DETAIL` VALUES ('2631c186c1cc4daaaf98f033bffbdc26', '16', '1', '虚拟注册');
INSERT INTO `CRM_ORDER_GSZC_DETAIL` VALUES ('508aa00d28674a7ab56268f12bd780d1', '36', '0', '虚拟注册');
INSERT INTO `CRM_ORDER_GSZC_DETAIL` VALUES ('5398e437b12f4461b3b6d692e91d649a', '14', '1', '虚拟注册');
INSERT INTO `CRM_ORDER_GSZC_DETAIL` VALUES ('5b73e26c064f4e5db174cfd515952852', '7', '1', '虚拟注册');
INSERT INTO `CRM_ORDER_GSZC_DETAIL` VALUES ('5cc45c8cd301458f977a60aad125e213', '31', '1', '虚拟注册');
INSERT INTO `CRM_ORDER_GSZC_DETAIL` VALUES ('6f917efa7d414ef9b7bbc4ea385259fe', '1', '1', '虚拟注册');
INSERT INTO `CRM_ORDER_GSZC_DETAIL` VALUES ('8681a7eff5fc42b68bd99b12df110843', '5', '1', '虚拟注册');
INSERT INTO `CRM_ORDER_GSZC_DETAIL` VALUES ('8b32863d777c40b2bae2a1a9e5f4aa3a', '30', '0', '虚拟注册');
INSERT INTO `CRM_ORDER_GSZC_DETAIL` VALUES ('9bbdcfabfbbd413b91f4d8c3f7cc5eee', '15', '0', '虚拟注册');
INSERT INTO `CRM_ORDER_GSZC_DETAIL` VALUES ('9d4075f3c9df4e6aadb9f19ea5b604de', '44', '1', '');
INSERT INTO `CRM_ORDER_GSZC_DETAIL` VALUES ('b0e13eafb13948d7b2bacf1bed9a619e', '4', '1', '虚拟注册');
INSERT INTO `CRM_ORDER_GSZC_DETAIL` VALUES ('b3286a15d4604d73b64a636307cb9e6c', '7', '1', '虚拟注册');
INSERT INTO `CRM_ORDER_GSZC_DETAIL` VALUES ('ba8be0583ca14e82a93b27d7032e1dbe', '41', '1', '虚拟注册');
INSERT INTO `CRM_ORDER_GSZC_DETAIL` VALUES ('c70378dc915742dca8fd5b77125b5159', '18', '1', '虚拟注册');
INSERT INTO `CRM_ORDER_GSZC_DETAIL` VALUES ('cdbc7fe32d7e4c8b8f20cf83c9fde619', '27', '1', '虚拟注册');
INSERT INTO `CRM_ORDER_GSZC_DETAIL` VALUES ('d0f1a95daffe4772a878e63ef2d17b6f', '45', '0', '虚拟注册');
INSERT INTO `CRM_ORDER_GSZC_DETAIL` VALUES ('d7674bb006fc47a497f3e0b0917ad392', '48', '0', '');
INSERT INTO `CRM_ORDER_GSZC_DETAIL` VALUES ('e2fb75f5b0674b139c34191384a987ef', '8', '1', '实地注册');
INSERT INTO `CRM_ORDER_GSZC_DETAIL` VALUES ('ea260b602e474bb18f4185a17c1a16cf', '47', '0', '');
INSERT INTO `CRM_ORDER_GSZC_DETAIL` VALUES ('f306ed6dfb854cd9836ebbf7e3d6857d', '3', '1', '虚拟注册');

-- ----------------------------
-- Table structure for CRM_USER_CUSTOMER_INFO
-- ----------------------------
DROP TABLE IF EXISTS `CRM_USER_CUSTOMER_INFO`;
CREATE TABLE `CRM_USER_CUSTOMER_INFO` (
  `CUSTOMER_ID` varchar(45) NOT NULL,
  `USER_ID` varchar(45) NOT NULL,
  PRIMARY KEY (`CUSTOMER_ID`,`USER_ID`)
) ENGINE=InnoDB DEFAULT CHARSET=utf8;

-- ----------------------------
-- Records of CRM_USER_CUSTOMER_INFO
-- ----------------------------
INSERT INTO `CRM_USER_CUSTOMER_INFO` VALUES ('0209ef0d855e454d85cba38ef5e211c0', '39580cc856b3449aa1fc89e99c025f70');
INSERT INTO `CRM_USER_CUSTOMER_INFO` VALUES ('108e2151a4d247caae5cb9ad7bce71b2', '39580cc856b3449aa1fc89e99c025f70');
INSERT INTO `CRM_USER_CUSTOMER_INFO` VALUES ('1438c17e86fd4bff8ec0670df9457597', '7a8525b44a1e497db64eb0e092919d18');
INSERT INTO `CRM_USER_CUSTOMER_INFO` VALUES ('20e0bc5288d14fd1acbee851ea60d77e', '76562dba30ef49a0b8cffa04420ea7c5');
INSERT INTO `CRM_USER_CUSTOMER_INFO` VALUES ('22442324a48f407e99ffef4a9db290b6', '39580cc856b3449aa1fc89e99c025f70');
INSERT INTO `CRM_USER_CUSTOMER_INFO` VALUES ('23815184a0054160b07f60261e8328a9', '39580cc856b3449aa1fc89e99c025f70');
INSERT INTO `CRM_USER_CUSTOMER_INFO` VALUES ('2de2f55552684c5fa2539bb747d57f66', '39580cc856b3449aa1fc89e99c025f70');
INSERT INTO `CRM_USER_CUSTOMER_INFO` VALUES ('359fe2a3ec24424f8748185edefe8d1c', '9d076a1a85b944df9ea1538c28dbeb80');
INSERT INTO `CRM_USER_CUSTOMER_INFO` VALUES ('373ab03731f541808351b6d490fc395c', '7a8525b44a1e497db64eb0e092919d18');
INSERT INTO `CRM_USER_CUSTOMER_INFO` VALUES ('3a24e4a747f04bfebb3979f2251a6739', '50ee1bda83f140eea692a78fa0b373e8');
INSERT INTO `CRM_USER_CUSTOMER_INFO` VALUES ('3ab5eeab9440409b9a8d1ea1cdee498e', '76562dba30ef49a0b8cffa04420ea7c5');
INSERT INTO `CRM_USER_CUSTOMER_INFO` VALUES ('3C3478C65DC0403FA68EB0D24C93969B', '39580cc856b3449aa1fc89e99c025f70');
INSERT INTO `CRM_USER_CUSTOMER_INFO` VALUES ('3dacfcefc14f403881ea2b829640afb4', '7a8525b44a1e497db64eb0e092919d18');
INSERT INTO `CRM_USER_CUSTOMER_INFO` VALUES ('41c575e168e94a2ea117fb741f918e2f', '7a8525b44a1e497db64eb0e092919d18');
INSERT INTO `CRM_USER_CUSTOMER_INFO` VALUES ('452230c809ad454f9a5cea2be8a3a11e', '50ee1bda83f140eea692a78fa0b373e8');
INSERT INTO `CRM_USER_CUSTOMER_INFO` VALUES ('4f67f6dd69ea485b8c3fcecc15e05f5c', '7a8525b44a1e497db64eb0e092919d18');
INSERT INTO `CRM_USER_CUSTOMER_INFO` VALUES ('5abd26c7957948beadaeb278a1721222', '50ee1bda83f140eea692a78fa0b373e8');
INSERT INTO `CRM_USER_CUSTOMER_INFO` VALUES ('5b92ecf6762748ac9f917a0f7d5880a3', '7a8525b44a1e497db64eb0e092919d18');
INSERT INTO `CRM_USER_CUSTOMER_INFO` VALUES ('61aa3894d82643e8bdac4afa83900275', 'adfd9d5b973e43cd86e360454ef1ec5c');
INSERT INTO `CRM_USER_CUSTOMER_INFO` VALUES ('6713dbe4eb4542039f7694ccb2f905fe', '7a8525b44a1e497db64eb0e092919d18');
INSERT INTO `CRM_USER_CUSTOMER_INFO` VALUES ('671644b55d0b4bcd88f6bd2261a55b16', '7a8525b44a1e497db64eb0e092919d18');
INSERT INTO `CRM_USER_CUSTOMER_INFO` VALUES ('719f90d5ef0341eb8f493c582df5873b', '7a8525b44a1e497db64eb0e092919d18');
INSERT INTO `CRM_USER_CUSTOMER_INFO` VALUES ('88197fd653d4494aa77f52fa641db7a0', '7a8525b44a1e497db64eb0e092919d18');
INSERT INTO `CRM_USER_CUSTOMER_INFO` VALUES ('9ec47a575da140dabccb3cee9fb4862e', '50ee1bda83f140eea692a78fa0b373e8');
INSERT INTO `CRM_USER_CUSTOMER_INFO` VALUES ('a1c4e56c18bd4979b9ee04028dbe8717', '76562dba30ef49a0b8cffa04420ea7c5');
INSERT INTO `CRM_USER_CUSTOMER_INFO` VALUES ('a5a558d6a6f240fcace6f8f2ef59a252', '50ee1bda83f140eea692a78fa0b373e8');
INSERT INTO `CRM_USER_CUSTOMER_INFO` VALUES ('b08c01ea64e74c769db1ab377dea3d56', '50ee1bda83f140eea692a78fa0b373e8');
INSERT INTO `CRM_USER_CUSTOMER_INFO` VALUES ('b1eb9aae26f04384875e587d51a25193', '39580cc856b3449aa1fc89e99c025f70');
INSERT INTO `CRM_USER_CUSTOMER_INFO` VALUES ('bde233a91d984e1aa59490e0ebdfa49f', '76562dba30ef49a0b8cffa04420ea7c5');
INSERT INTO `CRM_USER_CUSTOMER_INFO` VALUES ('c271ca5d1bf44c66a6560864df8fa80a', '76562dba30ef49a0b8cffa04420ea7c5');
INSERT INTO `CRM_USER_CUSTOMER_INFO` VALUES ('c810cd807a2d45939ff5f1423b4d3ed5', '50ee1bda83f140eea692a78fa0b373e8');
INSERT INTO `CRM_USER_CUSTOMER_INFO` VALUES ('d16c2e4721814e08b87668858d63ead9', '50ee1bda83f140eea692a78fa0b373e8');
INSERT INTO `CRM_USER_CUSTOMER_INFO` VALUES ('e8852a2d00b34b439d9e63b4928ad792', '39580cc856b3449aa1fc89e99c025f70');
INSERT INTO `CRM_USER_CUSTOMER_INFO` VALUES ('eff01578a2164e679d69a115223177da', '39580cc856b3449aa1fc89e99c025f70');
INSERT INTO `CRM_USER_CUSTOMER_INFO` VALUES ('f2518e86736240eba85f943a6083ee9b', '50ee1bda83f140eea692a78fa0b373e8');
INSERT INTO `CRM_USER_CUSTOMER_INFO` VALUES ('f50c94a4b98941e08580ff595f4fc778', '50ee1bda83f140eea692a78fa0b373e8');
INSERT INTO `CRM_USER_CUSTOMER_INFO` VALUES ('f683a979a2cf453e8c4f8f3837df4ef2', '39580cc856b3449aa1fc89e99c025f70');
INSERT INTO `CRM_USER_CUSTOMER_INFO` VALUES ('f9e4724103a54c27851077112fdcc36a', '39580cc856b3449aa1fc89e99c025f70');
