/*
NAVICAT MYSQL DATA TRANSFER

SOURCE SERVER         : LOCALHOST
SOURCE SERVER VERSION : 80013
SOURCE HOST           : LOCALHOST:3306
SOURCE DATABASE       : CRM

TARGET SERVER TYPE    : MYSQL
TARGET SERVER VERSION : 80013
FILE ENCODING         : 65001

DATE: 2019-08-30 18:12:24
*/

SET FOREIGN_KEY_CHECKS=0;

-- ----------------------------
-- TABLE STRUCTURE FOR CRM_BANK_INFO
-- ----------------------------
DROP TABLE IF EXISTS `CRM_BANK_INFO`;
CREATE TABLE `CRM_BANK_INFO` (
  `BANK_ID` VARCHAR(45) NOT NULL,
  `BANK_NAME` VARCHAR(45) DEFAULT NULL,
  PRIMARY KEY (`BANK_ID`)
) ENGINE=INNODB DEFAULT CHARSET=UTF8 COMMENT='银行信息表';

-- ----------------------------
-- RECORDS OF CRM_BANK_INFO
-- ----------------------------
INSERT INTO `CRM_BANK_INFO` VALUES ('33E275BB59FD4377A3B91E7F2A3AD809', '工商银行');
INSERT INTO `CRM_BANK_INFO` VALUES ('4013794EEC7D4367A7846B54078D3211', '中信银行');
INSERT INTO `CRM_BANK_INFO` VALUES ('554BD11CEA5E47DB9580E0F07BEFFE72', '中国银行');
INSERT INTO `CRM_BANK_INFO` VALUES ('61D10B75DEFD40C4B44E312017A37285', '招商银行');
INSERT INTO `CRM_BANK_INFO` VALUES ('74225B1951D54B3E858B5A70DE11C4F6', '建设银行');
INSERT INTO `CRM_BANK_INFO` VALUES ('9ABBBC9F4E434F27BA3DC240CC786AAE', '交通银行');
INSERT INTO `CRM_BANK_INFO` VALUES ('ABDBE742C7D14C378A8794141FAF5775', '光大银行');
INSERT INTO `CRM_BANK_INFO` VALUES ('DD09938B16554B53925EF5CE0FB760D7', '农业银行');
INSERT INTO `CRM_BANK_INFO` VALUES ('E37910CB3CAC4E0DBCA70184817DEF54', '民生银行');

-- ----------------------------
-- TABLE STRUCTURE FOR CRM_BUSINESS_DICT
-- ----------------------------
DROP TABLE IF EXISTS `CRM_BUSINESS_DICT`;
CREATE TABLE `CRM_BUSINESS_DICT` (
  `BUSINESS_ID` VARCHAR(45) NOT NULL,
  `BUSINESS_NAME` VARCHAR(100) DEFAULT NULL,
  PRIMARY KEY (`BUSINESS_ID`)
) ENGINE=INNODB DEFAULT CHARSET=UTF8;

-- ----------------------------
-- RECORDS OF CRM_BUSINESS_DICT
-- ----------------------------
INSERT INTO `CRM_BUSINESS_DICT` VALUES ('BIZ_1', '代缴公积金');
INSERT INTO `CRM_BUSINESS_DICT` VALUES ('BIZ_2', '代缴社保');
INSERT INTO `CRM_BUSINESS_DICT` VALUES ('BIZ_3', '代理记账');
INSERT INTO `CRM_BUSINESS_DICT` VALUES ('BIZ_4', '公司注册');

-- ----------------------------
-- TABLE STRUCTURE FOR CRM_COMPANY_BANK_REL
-- ----------------------------
DROP TABLE IF EXISTS `CRM_COMPANY_BANK_REL`;
CREATE TABLE `CRM_COMPANY_BANK_REL` (
  `COMPANY_ID` VARCHAR(45) NOT NULL,
  `BANK_ID` VARCHAR(45) NOT NULL,
  PRIMARY KEY (`COMPANY_ID`,`BANK_ID`)
) ENGINE=INNODB DEFAULT CHARSET=UTF8;

-- ----------------------------
-- RECORDS OF CRM_COMPANY_BANK_REL
-- ----------------------------
INSERT INTO `CRM_COMPANY_BANK_REL` VALUES ('9E93AA78DF7242B18C980650763973C0', '33E275BB59FD4377A3B91E7F2A3AD809');
INSERT INTO `CRM_COMPANY_BANK_REL` VALUES ('9E93AA78DF7242B18C980650763973C0', '4013794EEC7D4367A7846B54078D3211');
INSERT INTO `CRM_COMPANY_BANK_REL` VALUES ('9E93AA78DF7242B18C980650763973C0', '554BD11CEA5E47DB9580E0F07BEFFE72');
INSERT INTO `CRM_COMPANY_BANK_REL` VALUES ('9E93AA78DF7242B18C980650763973C0', 'ABDBE742C7D14C378A8794141FAF5775');
INSERT INTO `CRM_COMPANY_BANK_REL` VALUES ('A5B24848E32D47FD9472DE4323D61DA2', '33E275BB59FD4377A3B91E7F2A3AD809');
INSERT INTO `CRM_COMPANY_BANK_REL` VALUES ('A5B24848E32D47FD9472DE4323D61DA2', '4013794EEC7D4367A7846B54078D3211');
INSERT INTO `CRM_COMPANY_BANK_REL` VALUES ('A5B24848E32D47FD9472DE4323D61DA2', '554BD11CEA5E47DB9580E0F07BEFFE72');
INSERT INTO `CRM_COMPANY_BANK_REL` VALUES ('A5B24848E32D47FD9472DE4323D61DA2', '61D10B75DEFD40C4B44E312017A37285');
INSERT INTO `CRM_COMPANY_BANK_REL` VALUES ('A5B24848E32D47FD9472DE4323D61DA2', '74225B1951D54B3E858B5A70DE11C4F6');
INSERT INTO `CRM_COMPANY_BANK_REL` VALUES ('A5B24848E32D47FD9472DE4323D61DA2', '9ABBBC9F4E434F27BA3DC240CC786AAE');
INSERT INTO `CRM_COMPANY_BANK_REL` VALUES ('A5B24848E32D47FD9472DE4323D61DA2', 'ABDBE742C7D14C378A8794141FAF5775');
INSERT INTO `CRM_COMPANY_BANK_REL` VALUES ('A5B24848E32D47FD9472DE4323D61DA2', 'DD09938B16554B53925EF5CE0FB760D7');
INSERT INTO `CRM_COMPANY_BANK_REL` VALUES ('A5B24848E32D47FD9472DE4323D61DA2', 'E37910CB3CAC4E0DBCA70184817DEF54');
INSERT INTO `CRM_COMPANY_BANK_REL` VALUES ('EDCB87477E24482DA98D0ACCE3BDB341', '4013794EEC7D4367A7846B54078D3211');
INSERT INTO `CRM_COMPANY_BANK_REL` VALUES ('EDCB87477E24482DA98D0ACCE3BDB341', '61D10B75DEFD40C4B44E312017A37285');
INSERT INTO `CRM_COMPANY_BANK_REL` VALUES ('EDCB87477E24482DA98D0ACCE3BDB341', '74225B1951D54B3E858B5A70DE11C4F6');

-- ----------------------------
-- TABLE STRUCTURE FOR CRM_COMPANY_BUSINESS
-- ----------------------------
DROP TABLE IF EXISTS `CRM_COMPANY_BUSINESS`;
CREATE TABLE `CRM_COMPANY_BUSINESS` (
  `COMPANY_ID` VARCHAR(45) NOT NULL,
  `BUSINESS_ID` VARCHAR(45) NOT NULL,
  `BEGIN_DATE` DATE DEFAULT NULL COMMENT '开始时间',
  `END_DATE` DATE DEFAULT NULL COMMENT '到期时间',
  `UPDATE_DATE` DATE DEFAULT NULL,
  `IS_VALID` VARCHAR(1) DEFAULT NULL,
  PRIMARY KEY (`COMPANY_ID`,`BUSINESS_ID`)
) ENGINE=INNODB DEFAULT CHARSET=UTF8;

-- ----------------------------
-- RECORDS OF CRM_COMPANY_BUSINESS
-- ----------------------------
INSERT INTO `CRM_COMPANY_BUSINESS` VALUES ('A5B24848E32D47FD9472DE4323D61DA2', 'BIZ_1', '2019-08-26', '2019-08-30', '2019-08-26', '1');

-- ----------------------------
-- TABLE STRUCTURE FOR CRM_COMPANY_INFO
-- ----------------------------
DROP TABLE IF EXISTS `CRM_COMPANY_INFO`;
CREATE TABLE `CRM_COMPANY_INFO` (
  `COMPANY_ID` VARCHAR(45) NOT NULL,
  `COMPANY_NAME` VARCHAR(255) NOT NULL,
  `TAX_TYPE` VARCHAR(45) NOT NULL COMMENT '纳税类型',
  `PROVINCE` VARCHAR(45) NOT NULL,
  `CITY` VARCHAR(45) NOT NULL COMMENT '所在市',
  `DISTRICT` VARCHAR(45) DEFAULT NULL COMMENT '所在区',
  `FINANCE_DISK_TYPE` VARCHAR(45) DEFAULT NULL COMMENT '金税盘种类',
  `TAX_RATE` DECIMAL(20,5) DEFAULT NULL COMMENT '税率',
  `UPDATE_DATE` DATETIME DEFAULT NULL,
  PRIMARY KEY (`COMPANY_ID`)
) ENGINE=INNODB DEFAULT CHARSET=UTF8;

-- ----------------------------
-- RECORDS OF CRM_COMPANY_INFO
-- ----------------------------
INSERT INTO `CRM_COMPANY_INFO` VALUES ('9E93AA78DF7242B18C980650763973C0', '盒马生鲜', '1', '上海市', '上海市', '嘉定区', '1', '12.90000', '2019-08-25 22:03:36');
INSERT INTO `CRM_COMPANY_INFO` VALUES ('A5B24848E32D47FD9472DE4323D61DA2', '阿里妈妈', '0', '海南省', '省直辖县级行政单位', '儋州市', '0', '1111.33400', '2019-08-26 00:13:48');
INSERT INTO `CRM_COMPANY_INFO` VALUES ('EDCB87477E24482DA98D0ACCE3BDB341', '天猫商城', '0', '浙江省', '杭州市', '拱墅区', '1', '2.00000', '2019-08-25 22:07:13');

-- ----------------------------
-- TABLE STRUCTURE FOR CRM_COMPANY_STAFF_INFO
-- ----------------------------
DROP TABLE IF EXISTS `CRM_COMPANY_STAFF_INFO`;
CREATE TABLE `CRM_COMPANY_STAFF_INFO` (
  `STAFF_ID` VARCHAR(45) NOT NULL,
  `NAME` VARCHAR(45) CHARACTER SET UTF8 COLLATE UTF8_GENERAL_CI NOT NULL,
  `ID_CARD` VARCHAR(100) DEFAULT NULL,
  `CONTACT_NUMBER` VARCHAR(45) DEFAULT NULL,
  `NEED_SOCIAL_INS` VARCHAR(10) CHARACTER SET UTF8 COLLATE UTF8_GENERAL_CI DEFAULT '0',
  `NEED_HABITATION_INS` VARCHAR(10) CHARACTER SET UTF8 COLLATE UTF8_GENERAL_CI DEFAULT '0',
  `NEED_SOCIAL_SERVER` VARCHAR(10) CHARACTER SET UTF8 COLLATE UTF8_GENERAL_CI DEFAULT '0',
  `NEED_HABITATION_SERVER` VARCHAR(10) CHARACTER SET UTF8 COLLATE UTF8_GENERAL_CI DEFAULT '0',
  `UPDATE_DATE` DATETIME DEFAULT NULL,
  PRIMARY KEY (`STAFF_ID`)
) ENGINE=INNODB DEFAULT CHARSET=UTF8;

-- ----------------------------
-- RECORDS OF CRM_COMPANY_STAFF_INFO
-- ----------------------------
INSERT INTO `CRM_COMPANY_STAFF_INFO` VALUES ('D16E6BD1E0884CBCA07997BA0E14D80C', '张勇', '23792387598', '32197419847214', '0', '1', '1', '1', '2019-08-26 18:50:40');

-- ----------------------------
-- TABLE STRUCTURE FOR CRM_COMPANY_STAFF_REL
-- ----------------------------
DROP TABLE IF EXISTS `CRM_COMPANY_STAFF_REL`;
CREATE TABLE `CRM_COMPANY_STAFF_REL` (
  `COMPANY_ID` VARCHAR(45) NOT NULL,
  `STAFF_ID` VARCHAR(45) NOT NULL,
  PRIMARY KEY (`COMPANY_ID`,`STAFF_ID`)
) ENGINE=INNODB DEFAULT CHARSET=UTF8;

-- ----------------------------
-- RECORDS OF CRM_COMPANY_STAFF_REL
-- ----------------------------
INSERT INTO `CRM_COMPANY_STAFF_REL` VALUES ('A5B24848E32D47FD9472DE4323D61DA2', 'D16E6BD1E0884CBCA07997BA0E14D80C');

-- ----------------------------
-- TABLE STRUCTURE FOR CRM_CUSTOM_BANK_INFO
-- ----------------------------
DROP TABLE IF EXISTS `CRM_CUSTOM_BANK_INFO`;
CREATE TABLE `CRM_CUSTOM_BANK_INFO` (
  `CUSTOM_ID` VARCHAR(45) NOT NULL,
  `BANK_ID` VARCHAR(45) NOT NULL COMMENT '银行代码',
  `UPDATE_DATE` DATE DEFAULT NULL,
  PRIMARY KEY (`CUSTOM_ID`,`BANK_ID`)
) ENGINE=INNODB DEFAULT CHARSET=UTF8 COMMENT='客户银行信息表';

-- ----------------------------
-- RECORDS OF CRM_CUSTOM_BANK_INFO
-- ----------------------------

-- ----------------------------
-- TABLE STRUCTURE FOR CRM_CUSTOM_BANK_INFO_OLD
-- ----------------------------
DROP TABLE IF EXISTS `CRM_CUSTOM_BANK_INFO_OLD`;
CREATE TABLE `CRM_CUSTOM_BANK_INFO_OLD` (
  `CUSTOM_ID` VARCHAR(45) NOT NULL,
  `BANK_ID` VARCHAR(45) NOT NULL COMMENT '银行代码',
  `UPDATE_DATE` DATE DEFAULT NULL,
  PRIMARY KEY (`CUSTOM_ID`,`BANK_ID`)
) ENGINE=INNODB DEFAULT CHARSET=UTF8 COMMENT='客户银行信息表';

-- ----------------------------
-- RECORDS OF CRM_CUSTOM_BANK_INFO_OLD
-- ----------------------------

-- ----------------------------
-- TABLE STRUCTURE FOR CRM_CUSTOM_BASIC_INFO
-- ----------------------------
DROP TABLE IF EXISTS `CRM_CUSTOM_BASIC_INFO`;
CREATE TABLE `CRM_CUSTOM_BASIC_INFO` (
  `CUSTOM_ID` VARCHAR(45) NOT NULL,
  `WEIXIN_ACCNT` VARCHAR(45) NOT NULL COMMENT '微信账号',
  `WEIXIN_NAME` VARCHAR(45) DEFAULT NULL,
  `WANGWANG_ACCNT` VARCHAR(45) NOT NULL COMMENT '旺旺账号',
  `CONTACT_PERSON` VARCHAR(45) NOT NULL COMMENT '联系人',
  `CONTACT_NUMBER` VARCHAR(45) NOT NULL COMMENT '联系电话',
  `CORPORATION` VARCHAR(45) DEFAULT NULL COMMENT '法人',
  `CORPORATION_NUMBER` VARCHAR(45) DEFAULT NULL COMMENT '法人电话',
  `CUSTOM_LEVEL` VARCHAR(45) NOT NULL COMMENT '客户等级',
  `CUSTOM_NAME` VARCHAR(45) NOT NULL COMMENT '客户名称',
  `IS_VALID` VARCHAR(45) DEFAULT NULL,
  `UPDATE_DATE` DATETIME DEFAULT NULL,
  PRIMARY KEY (`CUSTOM_ID`)
) ENGINE=INNODB DEFAULT CHARSET=UTF8;

-- ----------------------------
-- RECORDS OF CRM_CUSTOM_BASIC_INFO
-- ----------------------------
INSERT INTO `CRM_CUSTOM_BASIC_INFO` VALUES ('3C3478C65DC0403FA68EB0D24C93969B', '马化腾是我小弟', '我对钱没有兴趣', '我是马云', '马爸爸', '888888', '张勇', '8888888', 'VVIP', '张勇', '1', '2019-08-25 00:35:58');

-- ----------------------------
-- TABLE STRUCTURE FOR CRM_CUSTOM_BASIC_INFO_OLD
-- ----------------------------
DROP TABLE IF EXISTS `CRM_CUSTOM_BASIC_INFO_OLD`;
CREATE TABLE `CRM_CUSTOM_BASIC_INFO_OLD` (
  `CUSTOM_ID` VARCHAR(20) NOT NULL COMMENT '客户ID',
  `CUSTOM_ACCNT` VARCHAR(45) DEFAULT NULL COMMENT '''客户账户''',
  `CUSTOM_NAME` VARCHAR(45) DEFAULT NULL COMMENT '''客户名称''',
  `PASSWORD` VARCHAR(45) DEFAULT NULL COMMENT '''客户登陆密码''',
  `CONTACT_NAME` VARCHAR(45) DEFAULT NULL COMMENT '''联系人''',
  `CONTACT_TEL` VARCHAR(45) DEFAULT NULL COMMENT '''联系人电话''',
  `IS_VALID` VARCHAR(1) DEFAULT NULL,
  `UPDATE_DATE` DATETIME DEFAULT NULL,
  PRIMARY KEY (`CUSTOM_ID`)
) ENGINE=INNODB DEFAULT CHARSET=UTF8 COMMENT='客户基本信息表';

-- ----------------------------
-- RECORDS OF CRM_CUSTOM_BASIC_INFO_OLD
-- ----------------------------

-- ----------------------------
-- TABLE STRUCTURE FOR CRM_CUSTOM_COMPANY_REL
-- ----------------------------
DROP TABLE IF EXISTS `CRM_CUSTOM_COMPANY_REL`;
CREATE TABLE `CRM_CUSTOM_COMPANY_REL` (
  `CUSTOM_ID` VARCHAR(45) NOT NULL,
  `COMPANY_ID` VARCHAR(45) NOT NULL,
  PRIMARY KEY (`CUSTOM_ID`,`COMPANY_ID`)
) ENGINE=INNODB DEFAULT CHARSET=UTF8;

-- ----------------------------
-- RECORDS OF CRM_CUSTOM_COMPANY_REL
-- ----------------------------
INSERT INTO `CRM_CUSTOM_COMPANY_REL` VALUES ('3C3478C65DC0403FA68EB0D24C93969B', 'A5B24848E32D47FD9472DE4323D61DA2');
INSERT INTO `CRM_CUSTOM_COMPANY_REL` VALUES ('3C3478C65DC0403FA68EB0D24C93969B', 'EDCB87477E24482DA98D0ACCE3BDB341');

-- ----------------------------
-- TABLE STRUCTURE FOR CRM_CUSTOM_FINANCE_INFO
-- ----------------------------
DROP TABLE IF EXISTS `CRM_CUSTOM_FINANCE_INFO`;
CREATE TABLE `CRM_CUSTOM_FINANCE_INFO` (
  `CUSTOM_ID` VARCHAR(45) NOT NULL,
  `FINANCE_DISK_TYPE` VARCHAR(45) DEFAULT NULL COMMENT '金税盘类型',
  `UPDATE_DATE` DATETIME DEFAULT NULL,
  PRIMARY KEY (`CUSTOM_ID`)
) ENGINE=INNODB DEFAULT CHARSET=UTF8 COMMENT='客户财务信息表';

-- ----------------------------
-- RECORDS OF CRM_CUSTOM_FINANCE_INFO
-- ----------------------------

-- ----------------------------
-- TABLE STRUCTURE FOR CRM_CUSTOM_FINANCE_INFO_OLD
-- ----------------------------
DROP TABLE IF EXISTS `CRM_CUSTOM_FINANCE_INFO_OLD`;
CREATE TABLE `CRM_CUSTOM_FINANCE_INFO_OLD` (
  `CUSTOM_ID` VARCHAR(45) NOT NULL,
  `FINANCE_DISK_TYPE` VARCHAR(45) DEFAULT NULL COMMENT '金税盘类型',
  `UPDATE_DATE` DATETIME DEFAULT NULL,
  PRIMARY KEY (`CUSTOM_ID`)
) ENGINE=INNODB DEFAULT CHARSET=UTF8 COMMENT='客户财务信息表';

-- ----------------------------
-- RECORDS OF CRM_CUSTOM_FINANCE_INFO_OLD
-- ----------------------------

-- ----------------------------
-- TABLE STRUCTURE FOR CRM_CUSTOM_ORDER_INFO
-- ----------------------------
DROP TABLE IF EXISTS `CRM_CUSTOM_ORDER_INFO`;
CREATE TABLE `CRM_CUSTOM_ORDER_INFO` (
  `CUSTOM_ID` VARCHAR(45) NOT NULL,
  `ORDER_ID` VARCHAR(45) NOT NULL,
  `ORDER_DATE` VARCHAR(45) NOT NULL COMMENT '订单日期',
  `RECEIVABLE_AMT` DECIMAL(10,0) NOT NULL COMMENT '应收金额',
  `PAYABLE_AMT` DECIMAL(10,0) NOT NULL COMMENT '应付金额',
  PRIMARY KEY (`ORDER_ID`)
) ENGINE=INNODB DEFAULT CHARSET=UTF8;

-- ----------------------------
-- RECORDS OF CRM_CUSTOM_ORDER_INFO
-- ----------------------------
INSERT INTO `CRM_CUSTOM_ORDER_INFO` VALUES ('3C3478C65DC0403FA68EB0D24C93969B', '0001', '2019/08/09 16:00:07', '21190', '21190');
INSERT INTO `CRM_CUSTOM_ORDER_INFO` VALUES ('3C3478C65DC0403FA68EB0D24C93969B', '0002', '2019/08/28 00:00:00', '156465', '464654');

-- ----------------------------
-- TABLE STRUCTURE FOR CRM_CUSTOM_THIRD_PARTY_INFO
-- ----------------------------
DROP TABLE IF EXISTS `CRM_CUSTOM_THIRD_PARTY_INFO`;
CREATE TABLE `CRM_CUSTOM_THIRD_PARTY_INFO` (
  `THIRD_PARTY_ID` VARCHAR(45) NOT NULL,
  `THIRD_PARTY_NAME` VARCHAR(45) NOT NULL,
  PRIMARY KEY (`THIRD_PARTY_ID`)
) ENGINE=INNODB DEFAULT CHARSET=UTF8;

-- ----------------------------
-- RECORDS OF CRM_CUSTOM_THIRD_PARTY_INFO
-- ----------------------------
INSERT INTO `CRM_CUSTOM_THIRD_PARTY_INFO` VALUES ('1', '华为技术有限公司');
INSERT INTO `CRM_CUSTOM_THIRD_PARTY_INFO` VALUES ('2', '小米股份有限公司');
INSERT INTO `CRM_CUSTOM_THIRD_PARTY_INFO` VALUES ('3', '苹果股份有限公司');
INSERT INTO `CRM_CUSTOM_THIRD_PARTY_INFO` VALUES ('4', '阿里巴巴股份有限公司');

-- ----------------------------
-- TABLE STRUCTURE FOR CRM_ORDER_BUSINESS_REL
-- ----------------------------
DROP TABLE IF EXISTS `CRM_ORDER_BUSINESS_REL`;
CREATE TABLE `CRM_ORDER_BUSINESS_REL` (
  `EVENT_ID` VARCHAR(45) NOT NULL COMMENT '事件ID',
  `ORDER_ID` VARCHAR(45) NOT NULL COMMENT '订单ID',
  `BUSINESS_ID` VARCHAR(45) NOT NULL COMMENT '业务类型ID',
  `COMPANY_ID` VARCHAR(45) NOT NULL,
  `OWNER_ID` VARCHAR(45) NOT NULL COMMENT '对接人',
  `NEED_THIRD_PARTY` VARCHAR(1) NOT NULL COMMENT '是否需要合作方',
  `THIRD_PARTY_ID` VARCHAR(45) DEFAULT NULL,
  `THIRD_PARTY_FEE` DECIMAL(10,0) DEFAULT NULL COMMENT '合作方费用',
  `BUSINESS_TAG` VARCHAR(45) NOT NULL,
  `PRE_EVENT_ID` VARCHAR(45) DEFAULT NULL COMMENT '前置任务',
  `REMARK` VARCHAR(450) DEFAULT NULL,
  PRIMARY KEY (`EVENT_ID`)
) ENGINE=INNODB DEFAULT CHARSET=UTF8;

-- ----------------------------
-- RECORDS OF CRM_ORDER_BUSINESS_REL
-- ----------------------------

-- ----------------------------
-- TABLE STRUCTURE FOR CRM_ORDER_DLJZ_DETAIL
-- ----------------------------
DROP TABLE IF EXISTS `CRM_ORDER_DLJZ_DETAIL`;
CREATE TABLE `CRM_ORDER_DLJZ_DETAIL` (
  `EVENT_ID` VARCHAR(45) NOT NULL,
  `ORDER_ID` VARCHAR(45) DEFAULT NULL,
  `BEGIN_DATE` DATE DEFAULT NULL,
  `END_DATE` DATE DEFAULT NULL,
  `IS_BEGIN` VARCHAR(1) DEFAULT NULL COMMENT '服务是否开始',
  PRIMARY KEY (`EVENT_ID`)
) ENGINE=INNODB DEFAULT CHARSET=UTF8 COMMENT='代理记账明细表';

-- ----------------------------
-- RECORDS OF CRM_ORDER_DLJZ_DETAIL
-- ----------------------------

-- ----------------------------
-- TABLE STRUCTURE FOR CRM_ORDER_GJJSBDJ_DETAIL
-- ----------------------------
DROP TABLE IF EXISTS `CRM_ORDER_GJJSBDJ_DETAIL`;
CREATE TABLE `CRM_ORDER_GJJSBDJ_DETAIL` (
  `EVENT_ID` VARCHAR(45) NOT NULL,
  `ORDER_ID` VARCHAR(45) DEFAULT NULL,
  `BUSINESS_ID` VARCHAR(45) DEFAULT NULL,
  `BEGIN_DATE` DATE DEFAULT NULL,
  `END_DATE` DATE DEFAULT NULL,
  `EMPLOYEE_NUM` INT(11) DEFAULT NULL COMMENT '缴款人数',
  PRIMARY KEY (`EVENT_ID`)
) ENGINE=INNODB DEFAULT CHARSET=UTF8 COMMENT='公积金社保代缴明细表';

-- ----------------------------
-- RECORDS OF CRM_ORDER_GJJSBDJ_DETAIL
-- ----------------------------

-- ----------------------------
-- TABLE STRUCTURE FOR CRM_ORDER_GSZC_DETAIL
-- ----------------------------
DROP TABLE IF EXISTS `CRM_ORDER_GSZC_DETAIL`;
CREATE TABLE `CRM_ORDER_GSZC_DETAIL` (
  `EVENT_ID` VARCHAR(45) NOT NULL,
  `ORDER_ID` VARCHAR(45) DEFAULT NULL,
  `ABSENT` VARCHAR(1) DEFAULT NULL COMMENT '是否需要到场，0：到场，1：缺席',
  `REG_LOCATION_TYPE` VARCHAR(45) DEFAULT NULL COMMENT '注册地类型',
  PRIMARY KEY (`EVENT_ID`)
) ENGINE=INNODB DEFAULT CHARSET=UTF8;

-- ----------------------------
-- RECORDS OF CRM_ORDER_GSZC_DETAIL
-- ----------------------------
